,Recency,Frequency,MonetaryValue
1,0,2.86276430115562,4.42447782710932
2,0,2.79874869113603,4.40233022324601
3,1.88242786144034,2.38722115480205,4.24871483929339
4,0.621359074169139,3.29356282025781,4.57753426305054
5,0,3.36260940019017,4.60166807011187
6,0,3.58341180868145,4.68037588541471
7,0,2.83997489798975,4.42091193339848
8,1.88242786144034,2.33918920084131,4.24585342224893
9,1.11861641892589,3.31231349940438,4.58382215225357
10,1.11861641892589,3.30618679371745,4.58248236167945
11,1.83502093136114,2.7717686141562,4.38949951541966
12,0,3.72359896779562,4.7302861012473
13,0.92558657620731,3.0633190347072,4.49382208111788
14,1.44663015206378,3.08809655839599,4.50568024357
15,0.92558657620731,3.20793548780477,4.54851184692071
16,1.77905918375904,2.4703943506342,4.2790405264022
17,0,3.4587880479101,4.63522367167049
18,0.621359074169139,2.28565895124689,4.23035889870423
19,0,2.74283114470224,4.3727188068896
20,0.92558657620731,3.30203481865488,4.57887107639684
21,0,3.17251605376784,4.53825857663144
22,0,3.23736667559141,4.55896025428268
23,0,2.90464218542688,4.44448453648154
24,1.95917545404917,2.96550509488539,4.46171387098594
25,0,3.09985581766469,4.50731872421688
26,2.19587053028142,2.40948410280738,4.26554819245095
27,0.92558657620731,2.97107627554413,4.46492058917764
28,1.25652123774629,2.57175298081183,4.31770750152689
29,1.80827327449373,2.68946859753871,4.35836788123526
30,1.77905918375904,2.600888514294,4.3285716143988
31,0.92558657620731,2.66601631551948,4.36421114508716
32,1.80827327449373,2.38722115480205,4.25667425332319
33,2.11887291109497,2.28565895124689,4.21196453265077
34,1.77905918375904,2.40948410280738,4.24942249249578
35,0,2.28565895124689,4.22796566163145
36,1.11861641892589,2.82400201418193,4.41491225140567
37,1.44663015206378,3.14997790426196,4.52933541057721
38,1.11861641892589,2.33918920084131,4.24513024287103
39,1.74694900722549,2.58656833783255,4.33006227303743
40,0.92558657620731,2.78096719933401,4.39490865363277
41,0,3.31028454931281,4.58538501164384
42,0,3.37932527671767,4.60876224611103
43,0,3.23736667559141,4.55877159619481
44,0.621359074169139,2.74283114470224,4.391046176545
45,2.16055789176348,2.45099039392939,4.28453285356546
46,0,2.40948410280738,4.26067812000992
47,1.83502093136114,2.89118831717872,4.44589966377398
48,0.621359074169139,3.36940660387797,4.60674398160476
49,1.44663015206378,2.38722115480205,4.25082872732899
50,1.67169847962165,2.36382640453997,4.24549222854303
51,0.92558657620731,2.8157635036834,4.41420287152792
52,0,2.4703943506342,4.28678984852916
53,0,2.8842782272961,4.43787447095085
54,1.11861641892589,2.31318239505762,4.21718276525314
55,0,3.31832251435238,4.58627675426796
56,0,3.09598011055286,4.50990723959575
57,0,3.24495262382723,4.55944932404168
58,0,3.56616028866564,4.67666581374665
59,0,3.35741010880913,4.60202765666847
60,2.23742902581785,2.31318239505762,4.25047829513247
61,0,3.39670367977304,4.61512163968389
62,1.25652123774629,3.0412508197826,4.48852933426523
63,0.92558657620731,3.34309746956423,4.59749839451371
64,0.92558657620731,2.97656419185608,4.46661512957267
65,1.94182184084722,2.62815934230868,4.34363137641406
66,0,2.5068399164938,4.28678984852916
67,1.74694900722549,2.57175298081183,4.31562546993926
68,1.36208169714327,2.8842782272961,4.43596782720642
69,0.92558657620731,3.18173063815558,4.5400453865663
70,0.92558657620731,2.62815934230868,4.33930940730885
71,0,3.19942878587718,4.54302228712988
72,0.621359074169139,2.89118831717872,4.43965616511878
73,1.25652123774629,2.64116198880256,4.35210010940565
74,1.44663015206378,2.97107627554413,4.46121346200334
75,1.25652123774629,2.98729919165199,4.46581095914371
76,0.621359074169139,2.93019035831804,4.45186357357145
77,2.03255941152616,2.31318239505762,4.23465956392484
78,1.11861641892589,2.80734810251576,4.41337063464503
79,2.00554695826155,2.48899094218723,4.27785975197873
80,1.36208169714327,2.83207035924428,4.40962369934342
81,0.621359074169139,3.27816758894807,4.5743846748927
82,0,3.24744228968984,4.55944932404168
83,0,2.90464218542688,4.43737533528069
84,0,3.47214882158724,4.6406588703638
85,1.88242786144034,2.36382640453997,4.24220545840943
86,0,3.36260940019017,4.60413530246357
87,0,2.31318239505762,4.22472067998678
88,1.51655840962615,2.95410342067642,4.45293584162279
89,0,3.48604877989406,4.64639204872355
90,1.51655840962615,3.0633190347072,4.49212621658807
91,0,3.57120229102768,4.67655449978039
92,1.44663015206378,2.28565895124689,4.21718276525314
93,0,3.58101361241115,4.68207338732441
94,1.11861641892589,3.46002853900046,4.63799548288176
95,0.92558657620731,2.8157635036834,4.41023493026657
96,0.621359074169139,2.87007073970298,4.42997517676848
97,1.51655840962615,2.45099039392939,4.29471169846562
98,0,3.1965438579433,4.54392663049413
99,1.51655840962615,2.83997489798975,4.42259501767104
100,0.92558657620731,2.8979749703532,4.42666017218871
101,0,3.37108242009465,4.6074778573227
102,1.67169847962165,2.48899094218723,4.29839795940094
103,0,3.11493866051002,4.51563445881811
104,1.36208169714327,2.36382640453997,4.25326102418414
105,1.25652123774629,2.87724050406048,4.43217570733791
106,2.26756168153778,2.33918920084131,4.24220545840943
107,0.92558657620731,2.55640998033665,4.31953479893477
108,0,3.39975805568402,4.6160256360559
109,0,3.18773534377087,4.53812347257674
110,1.51655840962615,2.38722115480205,4.26329366739034
111,1.11861641892589,2.72231691163331,4.37740922652184
112,0.621359074169139,2.7717686141562,4.38822142800974
113,1.11861641892589,2.74283114470224,4.38707563707208
114,0.92558657620731,3.03666768405565,4.48565921605979
115,0,3.21622806366596,4.55284446836874
116,0,3.00786387278564,4.47378828789077
117,0,2.92396446534514,4.44804072969164
118,0,3.30618679371745,4.58520579984555
119,1.62692001354653,2.43071210428544,4.28253133188981
120,0.92558657620731,2.94233911305656,4.45204289007111
121,0,2.85531631467828,4.41863521420692
122,1.5757968029728,2.79874869113603,4.40501517970835
123,0,2.38722115480205,4.25152735633809
124,0.92558657620731,3.30824236732049,4.58385241540273
125,1.36208169714327,2.71165784002644,4.37240063603155
126,1.90359576053045,2.36382640453997,4.24035087683675
127,0,3.31231349940438,4.58636553539342
128,2.01939647455629,2.5068399164938,4.30700443695024
129,0,3.54038727666693,4.66752079499771
130,0.621359074169139,2.5068399164938,4.30225358208092
131,1.92334042392175,2.33918920084131,4.24585342224893
132,1.51655840962615,2.43071210428544,4.28021263737556
133,0,2.40948410280738,4.27089608291914
134,0.92558657620731,2.80734810251576,4.40284563040598
135,1.44663015206378,2.58656833783255,4.32619919164438
136,1.5757968029728,2.7327038395347,4.38402340423823
137,1.85964606777895,2.7717686141562,4.40077253340759
138,1.51655840962615,2.38722115480205,4.25801983104337
139,1.36208169714327,2.31318239505762,4.22956494252816
140,0,3.09985581766469,4.50455592233043
141,1.51655840962615,2.55640998033665,4.31445649628706
142,0,2.28565895124689,4.22182909709007
143,0,3.35389410272246,4.6005561108433
144,0,3.50358628441282,4.65437853731901
145,1.74694900722549,2.48899094218723,4.30452206793447
146,1.80827327449373,2.28565895124689,4.21372179506251
147,0.92558657620731,2.8842782272961,4.42827429942402
148,1.25652123774629,2.600888514294,4.33930940730885
149,1.44663015206378,2.54050367745381,4.31280489486622
150,0,3.49385511855084,4.650842757463
151,1.71139727626493,3.09598011055286,4.50847589396641
152,2.15279118281497,2.36382640453997,4.25902177969117
153,1.25652123774629,2.7717686141562,4.38621020888051
154,2.11887291109497,2.33918920084131,4.22716027001504
155,1.11861641892589,2.6147431430363,4.33444820318623
156,1.67169847962165,2.7717686141562,4.39395286916367
157,0.621359074169139,3.28923997851759,4.57981627175884
158,0,3.09985581766469,4.50916501687154
159,0,3.146631756544,4.52418168201144
160,1.11861641892589,2.83207035924428,4.40615027320703
161,1.11861641892589,2.67790852930703,4.36251658284382
162,1.36208169714327,2.36382640453997,4.2480041301912
163,0.92558657620731,2.87007073970298,4.42806018535043
164,0,2.5068399164938,4.29093695161729
165,1.11861641892589,2.28565895124689,4.22512974279563
166,0,2.91119377506616,4.44505239126313
167,0.92558657620731,2.91119377506616,4.44608721704769
168,1.77905918375904,2.6147431430363,4.3379077038205
169,1.99094535816663,2.33918920084131,4.21415829065713
170,0,2.4703943506342,4.29148176712802
171,2.07940354157262,2.45099039392939,4.29120959447694
172,0.92558657620731,2.68946859753871,4.36234604269816
173,0.621359074169139,3.29782728877099,4.57997303115272
174,1.62692001354653,2.62815934230868,4.32963786281793
175,0,2.87007073970298,4.4348515216181
176,0.92558657620731,3.12938839504237,4.52270440363158
177,0.621359074169139,3.45377226976078,4.63467907023852
178,0,2.67790852930703,4.35784095919193
179,1.25652123774629,2.87007073970298,4.4277383810382
180,0,3.60774198080002,4.69119144349785
181,2.26756168153778,2.4703943506342,4.28678984852916
182,1.74694900722549,2.7899577247545,4.39706931819075
183,0,3.42452793612369,4.62651380481845
184,1.62692001354653,2.74283114470224,4.38921648671023
185,0.92558657620731,3.03666768405565,4.49310739041215
186,1.25652123774629,2.8157635036834,4.4038707877999
187,0,3.11860851040934,4.51958950638923
188,0.621359074169139,3.31832251435238,4.5890541487199
189,1.67169847962165,2.83997489798975,4.41538315555559
190,0.92558657620731,2.45099039392939,4.28453285356546
191,0,2.58656833783255,4.31701661907
192,0,3.14997790426196,4.52260185387239
193,0,3.4916465127815,4.64977677459591
194,1.44663015206378,3.05465606835948,4.49153381833228
195,1.67169847962165,2.64116198880256,4.33770638918621
196,0.92558657620731,3.13983883687832,4.52614028273769
197,0.92558657620731,3.30618679371745,4.58421493233247
198,2.1364379657294,2.65377395488894,4.35373739930089
199,1.25652123774629,3.37108242009465,4.60503683482368
200,0.621359074169139,3.56953198975454,4.67578416180941
201,2.24796297850147,2.28565895124689,4.23771914247461
202,1.44663015206378,2.68946859753871,4.36387379918798
203,1.11861641892589,2.67790852930703,4.35044451922276
204,1.90359576053045,2.33918920084131,4.24657344647881
205,1.44663015206378,2.87724050406048,4.4320717265706
206,0,3.39361781999727,4.61459833726524
207,1.62692001354653,2.55640998033665,4.31185312628995
208,1.51655840962615,2.55640998033665,4.31089545928709
209,0,3.1847465194024,4.53928928622461
210,1.67169847962165,2.6147431430363,4.3350645020653
211,1.36208169714327,2.40948410280738,4.26934148273194
212,0,3.16622907846648,4.5328722149707
213,1.25652123774629,3.17251605376784,4.53870781401718
214,0,3.0412508197826,4.49271583906764
215,0,3.18173063815558,4.53870781401718
216,0.92558657620731,2.95410342067642,4.45452809223246
217,1.51655840962615,2.7899577247545,4.40814568586914
218,1.88242786144034,2.4703943506342,4.29603817854359
219,0,2.33918920084131,4.23035889870423
220,0.621359074169139,3.22431622900401,4.55208680200105
221,0,3.57036842393432,4.67613281770422
222,0.621359074169139,3.09206066323873,4.50591564647499
223,0,3.2107229782043,4.55096116712913
224,2.03255941152616,2.45099039392939,4.27992041543173
225,1.99094535816663,2.76235293053311,4.39034523579518
226,0.621359074169139,2.83207035924428,4.4182904297356
227,1.95917545404917,2.31318239505762,4.22099374738081
228,0.92558657620731,2.5068399164938,4.29417795673747
229,0,3.18773534377087,4.53767201029807
230,1.11861641892589,2.31318239505762,4.22916654959351
231,1.44663015206378,3.0412508197826,4.49153381833228
232,1.77905918375904,3.11122926938357,4.51579731974524
233,0,3.63857210061058,4.70048936273092
234,0,3.04577570433594,4.49317253055156
235,1.11861641892589,3.15982225721021,4.53225841104671
236,0,2.74283114470224,4.38075440217925
237,2.22058176983773,2.48899094218723,4.29093695161729
238,0.92558657620731,3.25721324567402,4.56892028129203
239,1.5757968029728,2.38722115480205,4.25326102418414
240,2.0450934053432,2.36382640453997,4.26713956403153
241,0,2.28565895124689,4.21372179506251
242,0.621359074169139,2.9819711059824,4.47272208377321
243,0,3.40577468504104,4.61698891877656
244,1.90359576053045,2.33918920084131,4.24729034080816
245,0,3.33380167935329,4.59316295667085
246,1.80827327449373,2.43071210428544,4.27243581993944
247,1.11861641892589,2.8157635036834,4.4091327714402
248,0,3.2619896959021,4.56714405699945
249,1.44663015206378,3.15329131634617,4.52693469059006
250,0.92558657620731,2.95984829449977,4.46295657099583
251,1.95917545404917,2.31318239505762,4.2399774585728
252,1.77905918375904,3.05901411152515,4.49238861228731
253,0,3.25721324567402,4.56347011409622
254,0.621359074169139,2.99255053864739,4.47678678081615
255,0,3.35565715711031,4.60426096641702
256,1.36208169714327,2.82400201418193,4.41325133387998
257,1.25652123774629,2.36382640453997,4.24585342224893
258,0.621359074169139,2.72231691163331,4.37756297882016
259,1.62692001354653,2.38722115480205,4.26067812000992
260,0.92558657620731,2.45099039392939,4.27933436176205
261,1.11861641892589,3.25961034876476,4.56693325517656
262,0.621359074169139,3.15657257746802,4.53145095591342
263,0,3.146631756544,4.52713247575878
264,0,2.72231691163331,4.3727188068896
265,1.51655840962615,2.36382640453997,4.24109520109713
266,0,3.31432937454558,4.58792238030773
267,1.44663015206378,3.51606019613266,4.65759854720554
268,0,3.51092978758383,4.65568822335397
269,0,3.20228877230769,4.54772539490808
270,0,3.46002853900046,4.6373737238692
271,1.51655840962615,2.7717686141562,4.39146508548473
272,1.88242786144034,2.33918920084131,4.23733975551894
273,1.25652123774629,2.92396446534514,4.44776340743807
274,0,3.05024368607257,4.4872389993669
275,0,3.66204169984624,4.710010885797
276,0,2.79874869113603,4.40220107465981
277,2.20857361871625,2.36382640453997,4.25701168912277
278,0,3.60701427781073,4.68876172634403
279,0,3.43415346669784,4.62914872409945
280,2.00554695826155,2.43071210428544,4.28224333366793
281,2.06847267474172,2.33918920084131,4.24183619863092
282,0.621359074169139,2.7899577247545,4.40463475580413
283,1.5757968029728,2.7327038395347,4.38533949989618
284,2.09992885326607,2.54050367745381,4.31256750204241
285,0,3.47214882158724,4.64215773041497
286,0,2.86276430115562,4.42458777712817
287,1.25652123774629,2.94826791591014,4.45662160412047
288,1.25652123774629,2.45099039392939,4.28108610526041
289,1.36208169714327,3.23479809844213,4.55767124850185
290,0,3.48149008262237,4.64543045075524
291,0.92558657620731,3.15982225721021,4.52870314818332
292,0,3.57120229102768,4.67753948052638
293,0,3.23479809844213,4.55774747248712
294,0,3.33568335857119,4.59291234684479
295,0.621359074169139,3.22696844713277,4.5528047141023
296,0.92558657620731,3.32808703423627,4.59088662296697
297,0,3.16938728816528,4.53230573890981
298,0,3.46249367247545,4.6412257331687
299,1.90359576053045,2.28565895124689,4.22996239086017
300,0,3.4562910072241,4.63671126272455
301,2.16055789176348,2.31318239505762,4.24035087683675
302,0,3.64114497659403,4.70324388263624
303,0,2.43071210428544,4.26777175310191
304,0,3.38094723285015,4.61076688369353
305,1.94182184084722,2.54050367745381,4.30968997771287
306,0.92558657620731,3.11860851040934,4.51470745554383
307,0,3.57859392410875,4.68042344675812
308,1.25652123774629,2.28565895124689,4.22224522754571
309,2.18923572503447,2.31318239505762,4.24440388279985
310,0,3.47918316730964,4.64825530611383
311,0,3.38256052112762,4.60610388141295
312,0,3.439515338139,4.63003867774567
313,0,3.41601977244887,4.62351763838856
314,0,3.01282762594992,4.48072663073805
315,0,2.94826791591014,4.45514214569472
316,0,2.33918920084131,4.23154282006592
317,0,3.29140878775415,4.57705294312385
318,2.26283309959152,2.36382640453997,4.25801983104337
319,0,3.24495262382723,4.56365121516004
320,0,3.16304091057417,4.53343601504616
321,1.44663015206378,2.7717686141562,4.39408980597378
322,0.92558657620731,3.02255456727261,4.48342801785849
323,1.90359576053045,2.89118831717872,4.44987488761963
324,1.51655840962615,3.21348705029311,4.55104193159062
325,0,3.31832251435238,4.58954387712465
326,0.92558657620731,3.46736168968045,4.64349675934747
327,0,3.4661523660899,4.63928183612359
328,0,2.8842782272961,4.43321114430198
329,0,3.22696844713277,4.5515655394602
330,0.621359074169139,2.91763337719076,4.44932729748622
331,0.92558657620731,3.31028454931281,4.589515129652
332,0,2.43071210428544,4.26394102331097
333,0,3.52109840504499,4.65824218379111
334,0.621359074169139,2.33918920084131,4.22996239086017
335,0.92558657620731,3.17868724572811,4.53726421945972
336,1.85964606777895,2.57175298081183,4.32400988367218
337,1.11861641892589,2.94826791591014,4.46112987396835
338,0,3.42869178346474,4.62499544303943
339,0,2.7007132042554,4.36605275282083
340,1.51655840962615,2.31318239505762,4.23695950153944
341,0.92558657620731,3.34492346166979,4.59503816736913
342,0,3.40428186534258,4.61466674036073
343,0,3.32421793379241,4.59165064903814
344,0,3.39670367977304,4.61651957155494
345,0.621359074169139,3.33000364861795,4.59139656259694
346,0,3.34126058439125,4.59688179233214
347,0,2.83207035924428,4.41713486986613
348,0.621359074169139,2.66601631551948,4.35976384697382
349,1.90359576053045,2.76235293053311,4.3959931205645
350,0.92558657620731,2.7007132042554,4.36605275282083
351,0,2.67790852930703,4.36183322795076
352,1.97551684388148,2.40948410280738,4.26871542155737
353,0.92558657620731,3.39823476619646,4.61530305559942
354,0.92558657620731,2.43071210428544,4.28253133188981
355,1.80827327449373,2.38722115480205,4.26490723663121
356,1.44663015206378,2.95410342067642,4.45566620852549
357,1.71139727626493,2.68946859753871,4.35924191204208
358,0.92558657620731,2.45099039392939,4.2790405264022
359,0.92558657620731,3.08003056418242,4.49670414250558
360,0,3.14997790426196,4.53130789593712
361,1.71139727626493,2.40948410280738,4.26902875580399
362,0,3.49822142140364,4.65050480416636
363,2.08987812190629,2.28565895124689,4.21372179506251
364,1.11861641892589,2.83207035924428,4.41550063107003
365,1.99094535816663,2.55640998033665,4.32312528507591
366,1.74694900722549,2.83207035924428,4.41241333719988
367,1.44663015206378,2.71165784002644,4.36982982057871
368,2.33445223614748,2.33918920084131,4.25701168912277
369,1.44663015206378,2.94826791591014,4.45902263195345
370,1.95917545404917,2.7717686141562,4.40077253340759
371,1.90359576053045,2.89118831717872,4.44209212932314
372,0.621359074169139,3.39823476619646,4.61503081543915
373,0,3.45503437224632,4.63464140528721
374,1.83502093136114,2.4703943506342,4.28396355634629
375,0,2.5068399164938,4.29039024927508
376,1.5757968029728,2.55640998033665,4.31161426513986
377,0,3.56015752675861,4.67455386513536
378,0.92558657620731,3.33568335857119,4.59484660614039
379,0,3.26435152767577,4.5647676877618
380,1.25652123774629,3.16938728816528,4.53183161444363
381,0.621359074169139,2.7899577247545,4.39436328248283
382,0,2.92396446534514,4.44711406309836
383,1.67169847962165,2.33918920084131,4.24549222854303
384,0.92558657620731,3.46371839734817,4.6392998389599
385,1.77905918375904,2.36382640453997,4.23847532982112
386,0,3.49053573962506,4.64692791932774
387,1.74694900722549,2.78096719933401,4.39972438521669
388,0,3.45123148596083,4.63492355770799
389,1.51655840962615,2.52399479064511,4.30601624006141
390,0,3.14997790426196,4.52397899017826
391,1.25652123774629,3.11493866051002,4.5114908168187
392,0,3.61702483401171,4.69279103425808
393,0,3.23220907022839,4.55922385760457
394,1.36208169714327,2.82400201418193,4.40974616085162
395,0.92558657620731,2.79874869113603,4.39880079875165
396,0,3.08003056418242,4.5019731016871
397,0,3.28705620488115,4.5756290597335
398,0.621359074169139,3.50675696264664,4.65450253618595
399,1.71139727626493,2.33918920084131,4.22916654959351
400,0.621359074169139,3.24244365207343,4.56259681988591
401,0,2.90464218542688,4.43362310960509
402,0,2.76235293053311,4.39271443848661
403,1.51655840962615,2.7007132042554,4.36370483396883
404,0,3.76635437457931,4.74580246824602
405,0,3.52994433841501,4.66151476515859
406,0,3.38734922163163,4.61198928693563
407,0.621359074169139,2.45099039392939,4.28929113572681
408,0,3.34854323806528,4.59744491505867
409,0.621359074169139,2.4703943506342,4.28762800887173
410,1.25652123774629,2.83207035924428,4.41325133387998
411,1.71139727626493,2.7717686141562,4.38964081877362
412,0,2.76235293053311,4.38678774412245
413,1.88242786144034,2.40948410280738,4.26034819750889
414,0.621359074169139,2.38722115480205,4.24403950193882
415,0,3.6468426011167,4.70304782899954
416,0,3.55134692860819,4.66646946177806
417,1.36208169714327,2.28565895124689,4.21761046703019
418,0.92558657620731,2.54050367745381,4.30847503945215
419,1.11861641892589,2.600888514294,4.34574641791536
420,1.67169847962165,2.86276430115562,4.42912739974871
421,0,3.05901411152515,4.49369243944783
422,1.5757968029728,2.87724050406048,4.42784573373258
423,1.62692001354653,2.7007132042554,4.36437952659353
424,0,3.35033725343019,4.59582822486654
425,1.11861641892589,3.0759266939896,4.50443697658075
426,1.36208169714327,2.52399479064511,4.29943545414416
427,1.25652123774629,2.80734810251576,4.40615027320703
428,0,3.592026867723,4.6848145065069
429,1.51655840962615,2.8842782272961,4.42600912691389
430,0,2.31318239505762,4.22389956161502
431,1.36208169714327,2.86276430115562,4.41977829107406
432,1.67169847962165,2.66601631551948,4.35784095919193
433,1.5757968029728,2.7007132042554,4.36538576125598
434,0,3.56360383159455,4.67305143701571
435,0,3.22164231293669,4.55450197199494
436,0,3.44084060144059,4.63136919252732
437,1.25652123774629,2.55640998033665,4.31908001079496
438,0,2.52399479064511,4.29709135503763
439,1.62692001354653,2.7717686141562,4.39585801681675
440,0,2.28565895124689,4.22916654959351
441,0,3.21622806366596,4.55116297335805
442,1.67169847962165,2.38722115480205,4.2645858051319
443,1.92334042392175,2.38722115480205,4.26100737474472
444,1.11861641892589,3.19363358518668,4.54362595439668
445,0,2.600888514294,4.33027403354309
446,0,3.20512421127222,4.54550326397036
447,0,2.62815934230868,4.33195754691079
448,0,2.94826791591014,4.45531706513995
449,0,3.67471212976823,4.7143743357262
450,1.36208169714327,3.0633190347072,4.50312098333441
451,0.92558657620731,3.35389410272246,4.59618054408908
452,0.621359074169139,3.24991292133992,4.56079292266279
453,0.621359074169139,3.40278153395422,4.61647476325735
454,0.92558657620731,3.32226517146843,4.58800985206489
455,0,3.37274903253649,4.60796433887935
456,1.11861641892589,3.4587880479101,4.63947969346196
457,0.621359074169139,3.31028454931281,4.58342798039177
458,0.621359074169139,3.13983883687832,4.52413104094252
459,1.44663015206378,2.90464218542688,4.44295833845105
460,2.15279118281497,2.36382640453997,4.24835986824697
461,1.71139727626493,2.55640998033665,4.31609058557621
462,0,3.18773534377087,4.54284924061727
463,0,2.7899577247545,4.40514175783641
464,1.90359576053045,2.97656419185608,4.46709525325339
465,0,3.0759266939896,4.5004463965245
466,1.67169847962165,2.7007132042554,4.36770700773608
467,0,3.21622806366596,4.55387333081089
468,1.83502093136114,2.68946859753871,4.35535675785391
469,1.36208169714327,2.82400201418193,4.4087634346115
470,2.20231331005006,2.52399479064511,4.30675797635522
471,0,3.44084060144059,4.63043177922579
472,1.25652123774629,2.58656833783255,4.31930757346776
473,0.621359074169139,3.5150415891122,4.65806298296198
474,0.92558657620731,2.28565895124689,4.21284543057244
475,1.5757968029728,2.99255053864739,4.47446907244631
476,0.621359074169139,2.58656833783255,4.3294252115746
477,0.621359074169139,3.12223958802801,4.51922083663785
478,0,3.34673867902025,4.59688179233214
479,1.5757968029728,2.84772164916465,4.4326944163633
480,1.11861641892589,2.8157635036834,4.40476167888423
481,1.97551684388148,2.43071210428544,4.27637142004581
482,0,2.83997489798975,4.41840545393678
483,0,3.20512421127222,4.5476838558291
484,2.16807216969889,2.43071210428544,4.28396355634629
485,0,3.32226517146843,4.58499635313489
486,0.621359074169139,3.39516472263875,4.61663150952609
487,0,3.24495262382723,4.56071868876615
488,1.11861641892589,3.10747954566541,4.50644366981177
489,0.92558657620731,2.82400201418193,4.40764950533356
490,1.11861641892589,2.55640998033665,4.31976168811465
491,1.25652123774629,2.80734810251576,4.40640126741394
492,0,3.19363358518668,4.54328138091829
493,1.11861641892589,2.7327038395347,4.38548498730018
494,0.621359074169139,3.36602698274858,4.60570807395563
495,0,3.17561587661993,4.53821355905897
496,0,3.46126373336232,4.63792252992096
497,0,3.23220907022839,4.55694459927458
498,0,3.08003056418242,4.5016692563162
499,0,3.38576143243467,4.60883448979872
500,1.71139727626493,2.93631422907424,4.44552376312533
501,1.36208169714327,2.6147431430363,4.33567829304006
502,0,3.25961034876476,4.56658104977194
503,0.92558657620731,3.42452793612369,4.62235837717287
504,0,3.11860851040934,4.517306961759
505,0.621359074169139,3.41167221195161,4.62534621126839
506,1.44663015206378,2.83207035924428,4.41782936903287
507,1.25652123774629,3.01282762594992,4.47862587524664
508,1.90359576053045,2.55640998033665,4.31862387013894
509,1.97551684388148,2.5068399164938,4.29202470776013
510,0,2.38722115480205,4.27151374662585
511,2.22634562173608,2.31318239505762,4.23657837688157
512,1.62692001354653,2.33918920084131,4.25256975492807
513,0.92558657620731,3.33190848615277,4.59588250179272
514,1.11861641892589,2.65377395488894,4.34498077445941
515,1.71139727626493,2.31318239505762,4.23075447014896
516,1.95917545404917,2.6147431430363,4.34109257966117
517,0.92558657620731,2.93631422907424,4.45032949118206
518,0,2.75271052618107,4.39188276101792
519,2.24796297850147,2.36382640453997,4.25222302421216
520,0,3.23479809844213,4.55933664601244
521,1.11861641892589,2.5068399164938,4.29256578535648
522,1.71139727626493,3.07177420212752,4.49939743781829
523,0,3.49275296213052,4.65050480416636
524,1.5757968029728,2.79874869113603,4.40690190476051
525,1.25652123774629,2.90464218542688,4.44514679907983
526,1.5757968029728,3.19942878587718,4.54482407197751
527,0.621359074169139,2.7899577247545,4.40011835790209
528,0.621359074169139,2.68946859753871,4.36787140500905
529,1.71139727626493,2.71165784002644,4.36869061811369
530,1.74694900722549,2.5068399164938,4.28929113572681
531,0,3.45503437224632,4.63589574906878
532,0,3.43684666842131,4.62851120323595
533,0.621359074169139,2.97656419185608,4.46426920011104
534,0,3.37440653381741,4.61243246706544
535,0.92558657620731,3.26669607995586,4.5682270249101
536,0,3.64495723653795,4.70265446762951
537,1.11861641892589,2.9819711059824,4.46386042152984
538,0,2.8157635036834,4.41181164882746
539,0,2.87007073970298,4.4369746892218
540,0.92558657620731,3.18773534377087,4.54101674404786
541,0,3.19363358518668,4.53607822534833
542,0.92558657620731,3.33755365204332,4.59509283763147
543,1.11861641892589,2.52399479064511,4.30725050703514
544,1.44663015206378,3.26435152767577,4.56519695993901
545,1.77905918375904,2.83997489798975,4.41932220055081
546,1.97551684388148,2.36382640453997,4.25117841342454
547,0.621359074169139,3.24744228968984,4.5632524139777
548,0,2.40948410280738,4.26618662074641
549,1.36208169714327,2.65377395488894,4.35713544987825
550,0,3.5220952497959,4.65716210360148
551,0,2.99772715701219,4.48007835999838
552,1.67169847962165,3.07177420212752,4.50372089423214
553,1.25652123774629,3.12583264072124,4.51805482742031
554,1.44663015206378,2.78096719933401,4.40789781661483
555,0,2.7007132042554,4.36638510878531
556,0,2.7899577247545,4.39932930503486
557,2.01939647455629,2.28565895124689,4.22512974279563
558,1.51655840962615,2.95410342067642,4.45461598952777
559,0.621359074169139,3.0759266939896,4.49689394231261
560,0,3.54408911402697,4.66690774984136
561,0.92558657620731,2.93019035831804,4.45150420953965
562,1.25652123774629,2.5068399164938,4.31185312628995
563,1.51655840962615,2.57175298081183,4.30774148021973
564,0,2.58656833783255,4.32554569530115
565,0,3.23220907022839,4.55690622762776
566,0,3.24744228968984,4.55869604638305
567,1.25652123774629,2.9819711059824,4.47484573535336
568,0,2.91763337719076,4.4393608527396
569,0,2.33918920084131,4.23733975551894
570,2.23742902581785,2.28565895124689,4.23427313718015
571,2.29383363673016,2.28565895124689,4.23771914247461
572,0.92558657620731,2.7717686141562,4.39257616409161
573,0.92558657620731,2.72231691163331,4.37786999200822
574,1.80827327449373,2.43071210428544,4.26965360450459
575,1.99094535816663,2.600888514294,4.3235682250872
576,0.621359074169139,3.32030007967274,4.58639511330606
577,1.44663015206378,2.38722115480205,4.24513024287103
578,1.83502093136114,2.94233911305656,4.45087296433039
579,1.51655840962615,2.7327038395347,4.37319475645011
580,1.85964606777895,2.4703943506342,4.27874614958803
581,1.25652123774629,2.86276430115562,4.42546420448624
582,1.74694900722549,2.45099039392939,4.27845122948003
583,0.621359074169139,2.38722115480205,4.24693228331459
584,1.67169847962165,2.97656419185608,4.4665349361128
585,0,3.27362835025329,4.57005498426954
586,0,3.0633190347072,4.49765027375163
587,0,3.38576143243467,4.61022171509316
588,1.25652123774629,2.68946859753871,4.36966762292762
589,1.25652123774629,2.74283114470224,4.38836400592982
590,1.51655840962615,2.99772715701219,4.47446907244631
591,0,3.54683326139415,4.66834573038892
592,0,3.24991292133992,4.56171682085767
593,1.5757968029728,2.40948410280738,4.26264371838927
594,0,3.05465606835948,4.49670414250558
595,0,2.28565895124689,4.20929420166292
596,0,2.66601631551948,4.35499843151097
597,1.74694900722549,2.40948410280738,4.26296901821911
598,0,2.7327038395347,4.3790915394803
599,0,3.02255456727261,4.48215554910984
600,0,3.22959928921376,4.55755681804344
601,0.92558657620731,2.48899094218723,4.29735354841538
602,0.621359074169139,2.7327038395347,4.36621902545581
603,1.80827327449373,2.45099039392939,4.27486912904702
604,1.97551684388148,3.02732102821226,4.48349833895159
605,0,3.40278153395422,4.61707808306543
606,0,2.6147431430363,4.34207414233623
607,0,3.26669607995586,4.56686290113069
608,0.92558657620731,2.4703943506342,4.28310576984935
609,0,2.94826791591014,4.45266858920323
610,1.74694900722549,2.67790852930703,4.36621902545581
611,1.71139727626493,2.45099039392939,4.28137620119335
612,1.5757968029728,2.4703943506342,4.28929113572681
613,1.85964606777895,2.64116198880256,4.34970272819809
614,1.36208169714327,3.08408685040247,4.50419874191508
615,1.51655840962615,2.68946859753871,4.36336631691597
616,0,3.10368867470643,4.51333131889223
617,0,3.37108242009465,4.6068421215197
618,0.621359074169139,3.02255456727261,4.4848966540729
619,0.92558657620731,3.11122926938357,4.51481688049275
620,0,3.28485727568563,4.57702078165689
621,0,3.39049987378872,4.61322095958897
622,1.25652123774629,2.71165784002644,4.36353567335029
623,0,3.2107229782043,4.54847058634596
624,0,3.09598011055286,4.5067360440907
625,1.25652123774629,2.54050367745381,4.30944775095313
626,0,3.30618679371745,4.5834887131698
627,1.44663015206378,2.45099039392939,4.2805043251332
628,0.621359074169139,3.14997790426196,4.52772388672797
629,0,3.10368867470643,4.50893573735805
630,2.37602145592051,2.28565895124689,4.23657837688157
631,0.621359074169139,3.13983883687832,4.52564110299464
632,0.92558657620731,2.83207035924428,4.41514790421356
633,0,3.19363358518668,4.53830357710743
634,1.5757968029728,2.57175298081183,4.31816636954374
635,0,2.28565895124689,4.22431062108464
636,1.11861641892589,3.08809655839599,4.5034213014675
637,0,2.8979749703532,4.43102750471744
638,0.92558657620731,3.22959928921376,4.55574911447059
639,0,3.10747954566541,4.51137837866499
640,0.621359074169139,2.65377395488894,4.35264788762431
641,0,3.50570402517081,4.65281544857768
642,0,3.35389410272246,4.59771205046231
643,0,2.67790852930703,4.36183322795076
644,0.621359074169139,3.15329131634617,4.52796945163744
645,1.94182184084722,2.62815934230868,4.34745487301727
646,0.621359074169139,2.83207035924428,4.41229320836506
647,0,3.48263659779035,4.64261184121413
648,1.25652123774629,2.38722115480205,4.25935439836703
649,1.36208169714327,3.49822142140364,4.65095515670331
650,2.25799360450141,2.31318239505762,4.24257389670643
651,1.25652123774629,2.33918920084131,4.23349758915178
652,0,3.4661523660899,4.64016027278652
653,0.92558657620731,3.22696844713277,4.55236651715432
654,0,3.74527844608405,4.73843827904007
655,1.74694900722549,2.38722115480205,4.26067812000992
656,1.74694900722549,2.48899094218723,4.28984164803722
657,1.85964606777895,2.92396446534514,4.4497837794979
658,0,3.32615850828694,4.59006005457482
659,0,3.38416522643073,4.61135632321794
660,0.621359074169139,3.14997790426196,4.526389098871
661,1.92334042392175,2.36382640453997,4.24621382717248
662,0,3.25479814119575,4.56412074099867
663,0,3.27362835025329,4.56995229694995
664,0,3.21348705029311,4.55212680252977
665,0,3.41601977244887,4.62090720628489
666,2.03255941152616,2.7327038395347,4.38224956244261
667,0,2.72231691163331,4.37756297882016
668,0.621359074169139,3.07177420212752,4.49790137054758
669,1.11861641892589,2.72231691163331,4.38105468339098
670,0,3.15982225721021,4.53173656338913
671,0.621359074169139,2.48899094218723,4.30225358208092
672,0,2.58656833783255,4.33111812924928
673,0.92558657620731,2.66601631551948,4.3387102775917
674,1.51655840962615,2.57175298081183,4.32400988367218
675,0,2.95984829449977,4.45739816107016
676,0.621359074169139,2.75271052618107,4.37817635212278
677,1.92334042392175,2.4703943506342,4.29120959447694
678,1.25652123774629,2.86276430115562,4.4277383810382
679,0.621359074169139,2.62815934230868,4.34148597685682
680,1.36208169714327,2.33918920084131,4.25360556838264
681,0,3.58020945511107,4.67933554866224
682,0,2.94826791591014,4.45382279644194
683,0,3.00786387278564,4.47811358446086
684,1.44663015206378,2.28565895124689,4.20336135431604
685,0,2.92396446534514,4.44305423841127
686,0.621359074169139,2.31318239505762,4.23542974195435
687,0,2.38722115480205,4.26100737474472
688,2.03255941152616,2.600888514294,4.33382937747459
689,0,3.12938839504237,4.51916807809708
690,0.92558657620731,2.54050367745381,4.30097891131012
691,1.25652123774629,2.65377395488894,4.35624878566166
692,0,3.24495262382723,4.55967434975847
693,1.51655840962615,3.25236478492243,4.56491095778484
694,1.71139727626493,2.62815934230868,4.34246497299544
695,1.80827327449373,2.48899094218723,4.29093695161729
696,0,3.09206066323873,4.50876349717013
697,0,3.16938728816528,4.53630722281588
698,0,3.23220907022839,4.55212680252977
699,1.51655840962615,2.31318239505762,4.22635099896955
700,1.67169847962165,2.55640998033665,4.3172472585458
701,1.95917545404917,2.52399479064511,4.30725050703514
702,1.25652123774629,2.7327038395347,4.38707563707208
703,0.621359074169139,3.02732102821226,4.47737816756872
704,0,3.12583264072124,4.52296039830547
705,1.51655840962615,2.48899094218723,4.29039024927508
706,0,3.40278153395422,4.61952289006022
707,0,3.09206066323873,4.50691113703751
708,1.80827327449373,3.20228877230769,4.5456301760681
709,0,3.00786387278564,4.48065476297325
710,0,3.37932527671767,4.60801286608142
711,1.25652123774629,3.26435152767577,4.5678788052067
712,0.92558657620731,2.5068399164938,4.29709135503763
713,1.44663015206378,2.7007132042554,4.36521853610533
714,0.621359074169139,3.2759060530193,4.57339246979737
715,0.621359074169139,3.44866829800018,4.63220182128368
716,0,3.0412508197826,4.49536742368092
717,0.621359074169139,2.64116198880256,4.35409879360235
718,0.92558657620731,2.8979749703532,4.43687434109066
719,2.08987812190629,2.5068399164938,4.29603817854359
720,0.621359074169139,3.27816758894807,4.57582429049824
721,1.11861641892589,2.67790852930703,4.36605275282083
722,1.85964606777895,2.33918920084131,4.24513024287103
723,0.621359074169139,3.00283098100027,4.47439360732761
724,1.44663015206378,2.40948410280738,4.25902177969117
725,1.99094535816663,2.38722115480205,4.26840147781741
726,0.621359074169139,3.5098923670904,4.65399004711137
727,1.77905918375904,2.43071210428544,4.26199115712244
728,1.99094535816663,2.31318239505762,4.23581350080011
729,0,2.62815934230868,4.34069814714636
730,0,2.99255053864739,4.47356055728227
731,1.51655840962615,2.28565895124689,4.22141193859676
732,1.44663015206378,3.09985581766469,4.51064501055832
733,0,2.87724050406048,4.43092263860174
734,0,2.7899577247545,4.39490865363277
735,0,2.38722115480205,4.25902177969117
736,1.77905918375904,2.55640998033665,4.31793710693302
737,0,3.22959928921376,4.55755681804344
738,1.80827327449373,2.58656833783255,4.33048549866091
739,1.71139727626493,2.28565895124689,4.21107905793868
740,1.36208169714327,3.08809655839599,4.50455592233043
741,1.36208169714327,2.43071210428544,4.26554819245095
742,2.09992885326607,2.58656833783255,4.33689842596341
743,1.90359576053045,2.45099039392939,4.28706972819932
744,0,2.84772164916465,4.41035685433612
745,0,2.8979749703532,4.44257404913836
746,0,3.47802269811784,4.64342763134499
747,0,3.10368867470643,4.51443346389277
748,0,3.4916465127815,4.6468109397823
749,1.25652123774629,2.55640998033665,4.31304192320192
750,0,3.27816758894807,4.57582429049824
751,0,2.93631422907424,4.45293584162279
752,0,2.82400201418193,4.41479427405758
753,1.94182184084722,2.57175298081183,4.32728215622473
754,0,2.62815934230868,4.3379077038205
755,0.92558657620731,3.10747954566541,4.51465270631451
756,0,3.27362835025329,4.57053296622252
757,0,3.54408911402697,4.66686674346816
758,0,2.54050367745381,4.30199947905376
759,1.77905918375904,2.66601631551948,4.36404256942282
760,1.77905918375904,2.89118831717872,4.43616980255584
761,1.11861641892589,2.31318239505762,4.23465956392484
762,0,3.17561587661993,4.53644440973226
763,1.62692001354653,3.10747954566541,4.51205146761385
764,2.12781664272981,2.36382640453997,4.25531749682108
765,1.51655840962615,3.29356282025781,4.57906075486521
766,1.11861641892589,2.6147431430363,4.33174812845215
767,0,2.87724050406048,4.43876827199275
768,1.77905918375904,2.48899094218723,4.30020908691073
769,1.77905918375904,2.87724050406048,4.43321114430198
770,0,2.91763337719076,4.44831747425667
771,0,2.55640998033665,4.31998824192245
772,0.92558657620731,3.2619896959021,4.57212302952593
773,1.25652123774629,3.38416522643073,4.61203602422859
774,0,2.4703943506342,4.28873870005289
775,1.11861641892589,3.09206066323873,4.50591564647499
776,2.00554695826155,2.600888514294,4.33608610299709
777,0.92558657620731,2.8842782272961,4.43787447095085
778,1.51655840962615,2.6147431430363,4.32878546407287
779,1.94182184084722,2.80734810251576,4.39972438521669
780,1.94182184084722,2.67790852930703,4.35959007457339
781,0,3.39670367977304,4.61487168600194
782,0.621359074169139,2.5068399164938,4.29943545414416
783,1.44663015206378,2.64116198880256,4.33990615601631
784,1.71139727626493,2.45099039392939,4.27486912904702
785,0.621359074169139,3.13639081526248,4.52301153227984
786,1.83502093136114,2.82400201418193,4.41096487362536
787,0,3.42171900924212,4.62622823350613
788,0.92558657620731,2.55640998033665,4.32044034706386
789,0,3.39516472263875,4.61352090720453
790,1.36208169714327,2.40948410280738,4.26996512327412
791,0,2.7327038395347,4.37878712332779
792,0,2.80734810251576,4.40962369934342
793,0,2.64116198880256,4.34517255397033
794,1.11861641892589,3.25721324567402,4.56190071157129
795,0,3.54500686808835,4.6685475221279
796,0,2.43071210428544,4.26522803163212
797,0.621359074169139,3.40726006198388,4.61906467485098
798,2.15279118281497,2.38722115480205,4.2501271138993
799,0.621359074169139,2.4703943506342,4.28137620119335
800,0,2.43071210428544,4.26902875580399
801,0,2.94826791591014,4.45150420953965
802,0.92558657620731,2.55640998033665,4.30896215829211
803,0,3.52009799293784,4.65816755603319
804,0,3.45377226976078,4.6354855564001
805,0,3.20793548780477,4.5476838558291
806,0,3.35033725343019,4.59658565970257
807,2.1364379657294,2.36382640453997,4.25291575397301
808,1.88242786144034,2.28565895124689,4.21107905793868
809,1.74694900722549,2.43071210428544,4.2760720862571
810,1.77905918375904,2.31318239505762,4.21718276525314
811,0,2.28565895124689,4.21718276525314
812,2.00554695826155,2.48899094218723,4.29550892939205
813,1.71139727626493,2.58656833783255,4.31816636954374
814,0,3.31028454931281,4.58321515433876
815,1.11861641892589,2.40948410280738,4.27027604118156
816,1.77905918375904,2.600888514294,4.3432435851808
817,1.36208169714327,2.31318239505762,4.23349758915178
818,1.88242786144034,2.4703943506342,4.28281881004155
819,1.25652123774629,2.31318239505762,4.2205745187261
820,1.44663015206378,2.86276430115562,4.42524562462433
821,1.97551684388148,2.40948410280738,4.26934148273194
822,1.25652123774629,3.31432937454558,4.5842752370818
823,0,2.28565895124689,4.21931056049483
824,0,3.22164231293669,4.55347869291616
825,0,3.12938839504237,4.52021891962718
826,0.621359074169139,2.4703943506342,4.28650947383016
827,0,3.08809655839599,4.50626791256264
828,1.51655840962615,2.87724050406048,4.42370568967625
829,0,3.09598011055286,4.50836066446827
830,1.5757968029728,2.93631422907424,4.44831747425667
831,2.16807216969889,2.40948410280738,4.27547173594463
832,0,3.44608233953142,4.62980210081096
833,1.44663015206378,2.79874869113603,4.40024943700692
834,0,3.08003056418242,4.50191239200856
835,1.25652123774629,2.76235293053311,4.4005112287926
836,1.62692001354653,2.72231691163331,4.3758626171239
837,1.25652123774629,3.0412508197826,4.48634849915146
838,1.80827327449373,2.82400201418193,4.41817530929313
839,0,3.33755365204332,4.5963967926942
840,1.94182184084722,2.52399479064511,4.31041439278122
841,0,2.45099039392939,4.28453285356546
842,1.44663015206378,3.35033725343019,4.59945890531751
843,0.621359074169139,2.9819711059824,4.46467669998023
844,0.92558657620731,2.52399479064511,4.29969375702521
845,0,3.58499883874799,4.68162835121247
846,0.621359074169139,3.22431622900401,4.55220676233131
847,0,3.23479809844213,4.55679103615971
848,0.92558657620731,2.36382640453997,4.24729034080816
849,0.621359074169139,2.7717686141562,4.3957227836363
850,0.621359074169139,3.35915306386447,4.59919602549475
851,1.5757968029728,2.75271052618107,4.3897819818033
852,2.16055789176348,2.66601631551948,4.35748862702265
853,0,3.37274903253649,4.60284511369343
854,1.67169847962165,2.36382640453997,4.2480041301912
855,2.15279118281497,2.43071210428544,4.2790405264022
856,0,2.33918920084131,4.24906904636923
857,1.44663015206378,2.31318239505762,4.21546109421483
858,1.25652123774629,2.64116198880256,4.3401045461448
859,0,2.92396446534514,4.44683479908557
860,0,2.68946859753871,4.35993741406127
861,0,3.27133426663909,4.5667925036168
862,0,3.09985581766469,4.50962229884986
863,0,3.47918316730964,4.64349675934747
864,0,2.89118831717872,4.44083095590804
865,2.11887291109497,2.28565895124689,4.22716027001504
866,0,3.05024368607257,4.48906871848072
867,1.11861641892589,3.35741010880913,4.6033275735157
868,1.51655840962615,2.7327038395347,4.38417023682295
869,0,3.44866829800018,4.6321632424091
870,1.11861641892589,3.12938839504237,4.51530808383806
871,0,2.92396446534514,4.44627450653483
872,0.92558657620731,2.28565895124689,4.20474881238262
873,2.25799360450141,2.57175298081183,4.33216667596406
874,0,3.02255456727261,4.48158590158685
875,2.08987812190629,2.31318239505762,4.23847532982112
876,1.25652123774629,2.9819711059824,4.4680502051551
877,0,3.19069755471671,4.54206736991393
878,0.92558657620731,2.48899094218723,4.29444505398435
879,0,3.55401996932576,4.67203241161111
880,0,3.43550315996406,4.62972312199091
881,0.92558657620731,3.19942878587718,4.54710075515298
882,0,3.44737818831624,4.63606308530229
883,0.92558657620731,2.68946859753871,4.3573121443054
884,0.621359074169139,3.08003056418242,4.50597442724354
885,0.621359074169139,3.40873806418768,4.61875808995435
886,0.92558657620731,3.28485727568563,4.57315969472916
887,1.99094535816663,2.28565895124689,4.22224522754571
888,0,3.51401926984888,4.65544300265582
889,0,3.14325227290284,4.52619008711519
890,1.44663015206378,2.7327038395347,4.37429925626844
891,0,3.38734922163163,4.61130928748527
892,1.80827327449373,2.83997489798975,4.41863521420692
893,0,3.41601977244887,4.6221674560135
894,0.621359074169139,2.28565895124689,4.20974216804512
895,0,3.54864762437665,4.66777848853835
896,0,3.31432937454558,4.58780564357063
897,2.22634562173608,2.5068399164938,4.30700443695024
898,1.44663015206378,3.19363358518668,4.54353990558298
899,1.25652123774629,2.71165784002644,4.36869061811369
900,0,3.15982225721021,4.53059001855989
901,1.94182184084722,2.75271052618107,4.38793584312945
902,0,3.1965438579433,4.54306550904832
903,2.01939647455629,2.7327038395347,4.36950524404751
904,1.83502093136114,2.65377395488894,4.35173379518762
905,1.67169847962165,2.66601631551948,4.3498885237301
906,0,3.22696844713277,4.55387333081089
907,0,2.94233911305656,4.45995399896864
908,1.67169847962165,2.43071210428544,4.2790405264022
909,1.5757968029728,2.84772164916465,4.4116909970572
910,0.621359074169139,3.0633190347072,4.49902509929542
911,0.621359074169139,2.7899577247545,4.39680103768391
912,0.92558657620731,3.1847465194024,4.53589470912599
913,2.16807216969889,2.36382640453997,4.26361766829466
914,2.07940354157262,2.43071210428544,4.27426424990078
915,0,3.50464714152886,4.65423885457944
916,1.90359576053045,2.58656833783255,4.31930757346776
917,0,3.08408685040247,4.49896293466232
918,0,3.37274903253649,4.60590615946943
919,0,2.43071210428544,4.2645858051319
920,0,3.11122926938357,4.51299873114633
921,0.92558657620731,3.16938728816528,4.5316414366899
922,0,2.94233911305656,4.4485936433445
923,0,2.98729919165199,4.46725490074467
924,1.11861641892589,2.54050367745381,4.30871879019608
925,1.83502093136114,2.28565895124689,4.20428757116179
926,1.11861641892589,3.146631756544,4.52796945163744
927,1.36208169714327,2.54050367745381,4.30477209511731
928,1.25652123774629,2.75271052618107,4.38015194913016
929,0.621359074169139,2.87007073970298,4.42568243475399
930,0,2.85531631467828,4.41181164882746
931,1.25652123774629,3.41020875876731,4.61754496818737
932,0,3.31231349940438,4.58957261710884
933,0.621359074169139,3.29140878775415,4.57868107623485
934,1.71139727626493,2.64116198880256,4.34820793988938
935,0,3.21348705029311,4.5499468594259
936,0.92558657620731,2.65377395488894,4.34517255397033
937,0.92558657620731,3.10368867470643,4.5144883113644
938,1.36208169714327,2.75271052618107,4.38075440217925
939,0,3.09985581766469,4.50807211855872
940,2.08987812190629,2.33918920084131,4.25187555897201
941,0.92558657620731,2.97107627554413,4.45902263195345
942,1.25652123774629,3.27816758894807,4.57117844875672
