,user_id,Apr-2019,Aug-2019,Dec-2019,Feb-2019,Jan-2019,Jul-2019,Jun-2019,Mar-2019,May-2019,Nov-2019,Oct-2019,Sep-2019,CLV
2,2,1140,1520,970,0,1850,1220,1690,1130,0,720,1350,1320,11770
3,3,540,470,150,0,250,600,950,840,280,880,340,220,4980
4,4,2620,2750,4050,4370,4540,2990,5480,3610,3050,3380,1870,2980,39070
5,5,2780,3300,3680,5210,4950,3580,3220,4980,4750,3470,6730,3460,47330
6,6,9790,9140,5620,9140,10190,6360,7650,8210,7160,5670,7960,8980,86080
7,7,1320,1070,630,810,1180,1420,1180,2520,1500,250,1230,1340,13130
8,8,0,470,240,330,0,500,1370,750,740,150,420,470,5440
9,9,4030,2540,1150,2860,5580,2210,5090,5000,4380,4290,3790,2790,39680
10,10,4440,3500,3140,4070,3160,3210,3190,3980,4030,3060,4090,3400,38830
11,11,1280,1490,430,1690,580,870,1220,610,1400,550,1260,580,10680
12,12,16630,10510,10520,15110,15410,13880,11340,15150,11890,8290,10540,12130,134770
13,13,2610,1560,1030,1820,890,1680,1400,2220,3680,1860,2470,1830,20440
14,14,1200,890,1650,2850,2780,1980,2320,3680,1840,1640,1450,2690,23770
15,15,2590,2520,1590,3730,3660,4680,1180,3720,2340,2610,2900,2170,31100
16,16,0,540,160,0,590,770,690,1630,860,250,440,530,6460
17,17,4880,4470,5740,5580,6660,4700,4920,6640,6410,5330,5710,4400,60560
18,18,770,0,380,590,1110,0,0,600,1020,140,420,0,4260
19,19,510,560,1220,1440,860,2090,1230,230,460,580,690,970,10330
20,20,3140,3260,3220,3240,5130,4420,2780,4100,5040,3730,2610,1440,38970
21,21,3200,2570,930,2720,3900,1310,2800,4470,3430,2020,2510,1450,28110
22,22,3990,3050,2830,2120,3480,3190,2950,3690,3920,2580,1660,2880,32350
23,23,1160,1460,920,2090,2030,1830,1750,2410,1050,900,520,610,15570
24,24,2090,1810,390,2850,1390,1090,1530,2450,2610,1220,510,730,16580
25,25,2950,1710,1880,2990,1430,1490,2610,3600,2110,1190,1740,1550,22300
26,26,0,410,0,240,850,360,750,1420,1080,750,160,0,6020
27,27,1210,930,1650,2360,1520,1980,1440,2410,1350,1950,1050,1210,17850
28,28,1100,730,1000,260,300,240,400,1440,220,430,510,1320,6850
29,29,490,1090,530,1480,1720,840,420,540,730,770,930,440,9490
30,30,540,970,570,1240,490,1240,720,750,250,700,410,560,7900
31,31,1110,500,760,1190,1270,1150,750,940,270,1250,620,510,9210
32,32,990,180,130,290,250,750,740,600,520,440,230,630,4760
33,33,500,0,0,240,640,510,640,270,0,530,780,480,4090
34,34,250,590,350,0,240,230,480,320,1120,520,460,980,5290
35,35,810,240,430,0,650,430,240,860,520,150,200,440,4160
36,36,540,1120,550,2030,1480,950,1310,870,2790,930,940,420,13390
37,37,3350,2810,2040,3080,4100,2500,1710,2320,3020,1650,1750,1070,26050
38,38,820,270,300,1180,570,220,270,220,200,230,250,890,4600
39,39,1070,280,1160,1160,760,490,780,740,520,250,1040,260,7440
40,40,1510,820,1240,980,250,530,1870,840,760,1120,1350,1080,10840
41,41,3970,3040,2440,4240,6300,4950,2820,3290,4100,3200,2940,2940,40260
42,42,2960,4730,2320,4440,7530,3210,3490,6390,4960,4020,4340,4570,50000
43,43,3920,1900,2220,4840,2410,2900,2570,4100,2740,1950,2280,4460,32370
44,44,1700,790,1160,1580,1250,930,1930,580,490,960,0,700,10370
45,45,480,1200,0,230,840,470,740,1030,550,350,500,260,6170
46,46,240,240,700,550,610,1230,710,240,280,150,430,490,5630
47,47,830,1730,430,1190,3530,820,1200,1750,2690,1160,1040,510,16050
48,48,5150,4370,2960,4150,6800,3760,5170,4700,3970,3930,3180,3990,46980
49,49,1330,710,170,0,260,1170,220,270,460,180,0,810,4250
50,50,0,370,450,320,930,470,1120,0,0,910,610,250,5430
51,51,300,1630,1310,1740,1890,690,2120,790,1130,690,1580,0,13570
52,52,710,570,790,580,1180,0,770,500,1010,0,400,220,6020
53,53,1760,1350,760,1680,1440,1460,1580,1500,1990,890,1030,610,14290
54,54,280,410,500,550,260,790,440,220,500,0,300,460,4430
55,55,3920,4410,2410,4190,3250,3160,4790,3380,4560,2750,4470,3240,40610
56,56,1930,2300,1230,3190,2100,1420,2160,1780,3300,1330,2430,2530,23770
57,57,3390,3440,2750,3240,4020,3210,2950,2670,3700,3070,1680,2350,33080
58,58,10560,8580,4780,9300,8240,9050,6340,10690,6120,5350,7510,6290,82250
59,59,5130,3270,4890,6750,4080,3460,4090,4320,3200,4210,2810,4040,45120
60,60,810,260,0,590,640,570,740,590,980,170,0,220,4760
61,61,6170,3700,4670,6030,5330,4990,5520,3780,4450,3220,3430,4390,49510
62,62,1720,2880,880,2320,1060,1860,1680,2560,1990,1900,1290,2110,20530
63,63,3320,4300,2480,4390,4360,4620,4270,5530,4660,3380,3850,3360,45200
64,64,730,2220,1530,1660,260,1420,1860,3040,1880,690,1890,2090,18540
65,65,510,840,180,300,2330,990,1350,0,770,640,1000,270,8670
66,66,0,220,520,300,330,850,970,540,960,290,880,870,6730
67,67,840,420,160,500,590,270,420,1010,890,1320,440,1000,7020
68,68,3000,940,1670,850,1110,1570,1590,1100,1310,1220,530,970,12860
69,69,2310,1400,2330,4810,3930,1430,1430,3930,2570,2450,2120,3000,29400
70,70,0,1350,580,580,620,1520,1400,330,780,250,620,930,8960
71,71,1860,1930,2820,1900,3640,2520,3290,3060,4100,2450,1640,3180,30530
72,72,1560,730,750,880,2360,1910,820,1990,1960,1180,1410,680,14670
73,73,300,1070,810,520,1020,470,980,1640,1310,140,690,680,9330
74,74,2410,1500,1060,920,810,2630,1220,1830,1640,1200,1020,2370,16200
75,75,2300,1280,1100,880,1530,2800,1100,1560,2460,1160,1310,1690,16870
76,76,2690,1610,1140,1410,2470,1510,1080,1680,910,310,1080,1640,14840
77,77,0,470,220,1130,300,470,0,0,550,800,420,780,5140
78,78,1100,670,750,1260,900,2420,270,3010,1520,330,1330,240,12700
79,79,0,1380,170,250,270,890,460,0,980,610,660,750,6420
80,80,1030,910,1050,840,820,1750,1170,1160,2000,690,840,1230,12460
81,81,3930,2600,2300,3990,4590,4040,2260,3310,3870,2240,3930,3660,36790
82,82,4230,3680,2460,3070,4090,2430,2890,3360,3130,3280,2200,1650,32240
83,83,1890,910,1190,1660,1710,920,750,1420,1160,1540,1990,860,14110
84,84,6490,5250,5840,6960,7880,5340,3410,7500,4290,3790,5200,6470,61930
85,85,790,360,460,910,620,200,200,600,470,180,160,390,4550
86,86,7910,3700,3880,4150,4560,3620,3650,5400,4830,3990,2780,2610,43170
87,87,480,1100,620,0,240,0,800,560,550,150,0,390,4410
88,88,1440,1310,710,1450,1510,2740,500,2620,1120,1940,1440,870,16210
89,89,7640,6890,4070,6410,8120,5910,6090,4910,7440,3950,4700,5610,64100
90,90,1840,2340,2400,1930,2940,2300,1450,2020,1270,1350,1550,1400,20950
91,91,7300,9870,5740,8520,8460,6950,9460,8730,8170,4500,7490,7530,85420
92,92,470,180,210,0,340,250,470,820,730,570,190,480,4240
93,93,6060,8730,5550,10560,7690,6900,8070,12800,10940,5510,6370,8130,91250
94,94,3890,6580,2690,7410,7230,7360,6560,4600,5940,5200,5660,3820,63050
95,95,2420,1440,550,620,1090,1190,730,1840,720,1430,1000,510,11120
96,96,1830,1600,1290,2190,1250,1090,1280,1350,850,830,580,1140,13450
97,97,850,560,230,320,930,280,1500,560,850,790,150,0,6170
98,98,3290,3230,2460,2860,4840,1300,2900,3430,2090,1740,2850,1610,29310
99,99,1240,1110,780,1410,1140,1610,1750,1780,1520,790,240,1230,13360
100,100,1810,1080,720,240,1450,730,2610,1040,1580,1220,1670,820,13160
101,101,5360,4940,3020,5960,5500,4270,3660,4500,4500,3440,2970,4310,47070
102,102,1030,630,190,770,560,200,820,1480,0,380,400,700,6130
103,103,1900,2210,1880,2510,2560,2360,2010,3340,2920,1660,2150,1230,24830
104,104,590,680,330,920,650,620,560,230,210,670,0,190,5060
105,105,1290,930,1090,1640,1260,1520,1220,1090,1840,1620,460,1530,14200
106,106,790,590,0,1070,630,200,300,0,460,230,450,620,4550
107,107,930,470,290,870,850,0,760,330,830,710,820,1170,7100
108,108,5650,3260,2870,3300,8070,4350,5270,6370,4610,3440,2970,5920,50430
109,109,1730,3030,2850,2470,4080,2670,1890,3290,1890,1830,1990,3560,29550
110,110,1350,410,190,330,330,730,560,0,850,390,810,0,4600
111,111,880,170,550,540,1980,760,530,1410,1000,660,870,1790,10260
112,112,940,1450,1020,260,570,1390,1030,1340,530,600,1070,1670,10930
113,113,1650,210,1040,1420,850,780,1090,930,740,1500,670,910,10140
114,114,1610,2160,1840,1910,1990,1310,2010,1630,1020,2890,810,2650,20220
115,115,2590,1790,3310,4330,3720,3190,3540,2080,2220,2630,1450,3910,32170
116,116,3250,1900,2500,1170,1460,1090,950,2340,920,1250,850,2510,16940
117,117,1550,2870,750,1930,1200,2140,1060,1510,1180,1110,880,930,15560
118,118,4230,4840,2790,5170,3450,4400,3620,3920,3260,1470,3750,3270,39940
119,119,480,280,200,1150,610,490,690,1260,530,640,0,250,6100
120,120,1520,1550,1210,800,2940,1290,1780,1340,1310,850,1790,1170,16030
121,121,1580,1670,1500,740,1490,950,1030,880,1490,1170,1050,700,12670
122,122,1780,270,820,1160,920,1480,1310,1730,1040,570,1440,600,11340
123,123,490,210,780,580,880,0,520,0,270,780,640,450,5110
124,124,2970,3760,2230,5050,3880,4120,3940,5550,3280,2390,1480,5070,40750
125,125,1710,460,1030,1400,1150,1030,300,1140,210,910,1090,390,9110
126,126,1000,250,360,300,350,630,520,300,450,0,620,510,4290
127,127,4670,3250,2320,3330,4050,2840,3750,5510,4450,3290,3310,3790,39890
128,128,800,470,210,580,890,960,490,550,580,850,350,770,6700
129,129,8770,6270,4630,8930,9520,7330,8420,6940,9580,5610,5630,4120,76980
130,130,240,490,540,330,2150,200,1240,0,430,240,1090,360,7070
131,131,0,240,210,1170,520,680,250,260,730,710,0,670,5440
132,132,1730,260,420,0,1180,230,290,580,500,210,260,840,4770
133,133,730,740,370,910,0,530,0,1000,1050,190,410,260,5460
134,134,2170,970,1000,340,830,1460,1220,800,980,1540,1000,640,10780
135,135,240,830,430,750,1490,1130,770,570,840,370,910,0,8090
136,136,1500,460,540,1190,1190,210,950,2180,1090,200,980,1090,10080
137,137,1520,840,520,820,2120,1610,1050,920,830,850,1010,700,11270
138,138,790,370,300,510,620,200,1080,1330,240,200,150,0,5000
139,139,0,200,410,330,1460,480,0,580,450,140,960,0,5010
140,140,830,2490,2710,2220,2930,1340,2240,1210,2390,2250,2250,1920,23950
141,141,0,400,570,1520,940,1000,280,0,200,1050,620,1230,7810
142,142,540,0,350,240,890,490,0,220,800,0,880,410,4280
143,143,5870,4230,4190,2460,6020,3070,3320,4690,4800,2510,3500,5020,43810
144,144,6110,6320,3930,7770,8640,8260,7690,8800,5250,4290,4390,5240,70580
145,145,1690,0,360,310,960,260,0,770,1070,450,830,700,5710
146,146,580,870,440,530,630,270,470,0,220,430,190,0,4050
147,147,250,200,1280,2220,2070,2470,520,790,2170,1010,1040,1100,14870
148,148,1660,480,380,1430,980,240,420,440,830,620,720,760,7300
149,149,500,490,760,1760,250,490,710,800,560,650,590,180,7240
150,150,6560,6760,4120,6420,10220,5450,5690,6720,6740,4840,5530,5400,67890
151,151,2820,1750,1330,2970,1470,1650,2180,2970,2380,1250,2670,2010,22630
152,152,470,510,0,310,320,220,230,880,1040,660,480,700,5350
153,153,710,690,950,610,1610,2130,1120,980,630,980,550,770,11020
154,154,510,420,0,240,260,910,220,530,940,580,340,0,4440
155,155,240,210,910,230,520,1220,750,880,620,1160,1310,670,8480
156,156,260,400,660,1700,1460,1310,1450,880,790,1120,1330,920,12020
157,157,4480,3110,2800,6050,5160,3380,2690,4300,3310,2720,2120,2290,37930
158,158,1610,1500,1330,2580,2910,2960,3540,3470,2510,520,2040,600,23960
159,159,2560,2990,1270,2760,3340,1970,2480,1780,1880,2570,2320,2440,25800
160,160,810,1780,1030,790,1700,660,1390,1360,720,1180,1550,240,12400
161,161,640,1050,840,950,2100,440,1930,0,520,390,380,980,9580
162,162,0,660,770,880,960,420,220,310,510,390,0,380,5500
163,163,1290,1450,1390,1200,1710,1850,1080,820,970,430,1140,1770,13810
164,164,790,390,350,960,740,700,860,320,0,530,1060,180,6090
165,165,220,550,140,0,610,480,200,560,1080,200,600,260,4680
166,166,880,720,940,1880,2580,950,1960,2670,480,1770,920,1040,15910
167,167,2270,1130,1070,2880,1240,1540,1030,1280,1300,1130,1830,200,14630
168,168,1200,0,150,560,1130,870,290,780,1480,900,470,1060,7690
169,169,220,440,540,0,0,690,480,280,680,380,580,350,4420
170,170,480,500,630,0,970,680,1010,860,740,1030,0,0,6420
171,171,910,970,0,310,1370,450,790,540,520,380,220,430,5980
172,172,710,1060,480,630,1780,720,1590,770,0,530,1290,650,9500
173,173,3050,4320,2330,3350,5310,3120,3360,4740,2960,3330,2970,3620,39410
174,174,690,380,940,270,0,450,480,1420,630,830,1760,640,7800
175,175,2750,1590,400,1150,2320,1700,930,510,1370,1010,1130,890,13000
176,176,1890,2470,670,1440,4150,2680,1700,4320,3400,730,2260,2360,26180
177,177,5050,3040,5390,7330,8900,5920,4000,5300,5480,4390,4420,5930,60100
178,178,1100,480,820,1170,910,870,1600,810,440,540,330,880,8850
179,179,270,850,1260,1060,2690,1180,1620,800,1510,1310,800,1720,14800
180,180,8660,9710,7170,8840,11300,8850,11200,9960,9730,6320,7640,6120,96840
181,181,1290,1150,0,530,850,850,780,0,510,180,400,190,5440
182,182,770,960,800,1350,580,1280,250,1350,690,1540,1770,1170,11740
183,183,7310,3270,3160,3950,6420,6140,6140,7350,5660,3290,2200,6090,53670
184,184,1110,1100,560,760,1880,240,1190,1110,1150,870,550,1420,10830
185,185,3500,1960,1500,2870,2930,890,1900,1870,1690,1010,860,1960,19440
186,186,1260,740,380,850,630,660,300,1430,1620,1460,1770,1930,11770
187,187,4480,1890,1870,2860,2100,3290,1310,2970,1650,1440,1560,2050,22990
188,188,4640,3030,1990,5130,5800,3230,3340,4800,4080,2590,3640,3210,40840
189,189,970,690,570,1370,1750,1160,900,730,1000,1070,2250,1510,13000
190,190,580,220,1020,650,850,0,430,1160,920,200,240,380,6070
191,191,250,430,300,1680,660,0,500,240,1190,910,320,1440,7670
192,192,540,1940,2430,1600,3480,2910,1750,2780,3540,2940,2740,1400,27510
193,193,6290,5050,5010,6600,10000,5940,6970,7380,6010,3330,6160,5050,67500
194,194,2110,1760,1140,2040,1100,2850,960,3030,1130,1680,1730,3170,20590
195,195,530,810,640,1370,260,550,1150,740,580,1150,460,640,8350
196,196,1160,2420,1350,3420,3210,2060,4230,2830,3330,1240,1390,2110,27590
197,197,3420,2970,2260,4190,6450,2360,4190,3500,3900,2940,3830,3830,40420
198,198,240,950,0,570,960,1540,870,940,1710,360,650,930,9480
199,199,4540,5800,2420,4120,4760,5320,5070,6150,2920,4340,2490,3510,46900
200,200,6830,6380,5460,9370,8650,6730,7600,11500,7300,5570,7220,9490,85270
201,201,500,190,0,1200,660,690,280,540,220,240,440,260,4720
202,202,460,970,150,640,580,1690,240,1360,1850,1080,750,530,9840
203,203,300,410,520,310,790,1400,1640,850,850,650,1490,330,9240
204,204,630,740,220,540,0,0,880,550,790,140,200,770,4830
205,205,1610,2530,440,1630,1520,1830,1190,1010,970,1010,170,1570,13870
206,206,5690,3810,3160,8240,5660,4340,4860,3980,5420,4490,3760,2040,49760
207,207,1000,480,740,610,0,720,900,690,540,560,710,750,6700
208,208,450,1020,740,1400,0,580,230,310,780,900,640,610,7210
209,209,4830,2660,2090,2230,1830,2070,1710,2450,4440,2300,2590,2340,26710
210,210,450,520,230,980,1140,1430,250,1350,500,490,570,840,8300
211,211,450,400,200,600,570,830,490,810,1080,0,510,200,5690
212,212,2070,2220,1900,3850,2760,2310,2420,3320,2020,2730,1840,2700,28070
213,213,3260,2380,1460,2890,5630,2720,2670,2690,3050,1250,2580,830,28150
214,214,3030,1800,1370,3140,1620,1420,930,3260,1910,1180,1770,1450,19850
215,215,2930,3490,940,2730,2310,3270,2700,3840,3700,2720,1290,1490,28480
216,216,1730,1420,2450,1510,2300,1350,2370,1630,1540,920,440,170,16100
217,217,1280,420,1160,1930,2360,1090,0,1240,1620,460,850,960,12090
218,218,580,490,190,270,950,1210,1060,660,420,360,0,880,6490
219,219,0,0,580,230,850,560,520,310,410,0,1210,360,5030
220,220,2370,2020,2290,2600,3310,4070,2300,2150,4250,2390,1780,5040,32200
221,221,10060,5430,6280,11480,7970,6790,9090,6100,6060,7900,7520,7700,82320
222,222,1560,2980,1940,2200,3350,1850,1450,990,3480,2230,1310,1670,23450
223,223,3110,2300,1810,3400,2370,4890,1530,4410,4030,1730,3230,1480,31180
224,224,590,230,420,830,310,990,450,840,0,790,590,450,5900
225,225,1080,450,200,760,1430,2870,1240,1440,440,740,920,450,10940
226,226,510,1430,1060,2730,1240,1080,1570,2230,240,840,690,600,13710
227,227,280,1110,560,290,320,180,490,280,550,360,380,0,4520
228,228,300,0,1030,860,930,0,590,810,530,590,530,830,6700
229,229,1750,4400,2520,3680,1510,2710,1880,2840,2940,3140,1400,2410,29430
230,230,0,0,220,0,0,440,280,930,860,520,1140,610,5000
231,231,2550,2160,1330,1680,810,900,1550,2720,3340,1150,2310,2200,20150
232,232,3540,3130,870,1400,1610,2110,1960,3040,2320,2370,2020,2390,23220
233,233,8570,8110,7390,9700,15240,9890,12070,9770,10290,8020,7290,8370,106140
234,234,1620,1680,3070,1740,3080,1170,1680,2510,1680,2090,1250,1380,21330
235,235,2930,1590,2310,2270,2320,3680,3240,3120,2580,1870,2490,1610,27080
236,236,1310,890,930,850,610,1690,750,1090,1920,680,0,640,10050
237,237,230,0,0,920,0,680,720,1460,640,430,990,810,6650
238,238,4000,2600,1640,4430,2650,2550,4190,4410,4990,1750,2570,3320,35100
239,239,780,460,400,280,340,0,490,260,1410,140,880,210,4870
240,240,560,260,150,230,980,250,1040,840,1070,0,0,690,5510
241,241,510,230,180,320,0,720,300,460,460,410,260,780,4120
242,242,500,1300,960,3020,2090,1740,1840,2740,1200,1910,2010,740,19550
243,243,3420,5160,4090,5470,4840,5170,4050,6430,3520,5410,5410,3540,53090
244,244,530,190,240,600,650,520,1460,0,470,350,0,470,4950
245,245,2950,3260,3690,3780,5760,4640,3220,5930,3320,2550,4190,3640,43980
246,246,610,800,390,860,520,190,260,620,810,0,450,730,5630
247,247,1920,980,580,500,1150,2580,1190,1120,510,950,610,1360,11530
248,248,2310,1730,3600,3460,4490,2790,4110,2940,4540,3000,2590,3030,36280
249,249,2570,2500,1760,2250,2960,2040,2990,2490,2320,2550,1820,2660,26340
250,250,1700,1190,1680,2260,2380,650,1440,2010,2200,1280,840,1190,17120
251,251,870,270,360,0,310,880,560,820,590,440,180,0,4410
252,252,2630,2130,2190,2060,1770,2360,1150,2410,2160,1040,1350,1580,20200
253,253,3880,2910,1780,4140,4540,3570,2880,1060,3140,2950,4090,2620,33680
254,254,2260,640,1140,1760,2420,2220,1320,2810,2300,810,1220,1690,18330
255,255,3900,4150,3120,2960,8050,3150,6080,5550,5180,3340,2830,2820,47230
256,256,1400,860,530,270,2370,1160,1010,860,1500,1240,580,2010,12390
257,257,1010,260,600,650,300,570,720,290,200,0,840,0,4430
258,258,1430,260,550,1780,540,640,870,550,1730,170,1540,1090,9720
259,259,610,950,730,530,600,290,300,790,500,420,150,0,5260
260,260,520,450,360,830,350,730,510,310,540,660,720,490,5950
261,261,4680,4390,2390,2840,3690,2510,5490,3040,3820,1260,2300,2120,33850
262,262,4200,2410,2460,3470,2830,1690,2620,2310,1900,1990,2190,1770,25640
263,263,2060,670,2580,2740,2130,1510,4030,3900,1590,2880,2030,2830,26890
264,264,1250,630,880,1080,540,460,1560,550,1490,880,890,630,9590
265,265,220,690,420,910,0,480,270,470,420,180,1060,190,5090
266,266,3400,3180,3180,5260,3500,3480,4550,5510,5240,3400,1410,2980,41690
267,267,4620,7180,2280,7430,9920,8310,3830,8610,10040,6700,5330,4550,74180
268,268,7250,5970,4620,6240,7200,7290,6910,7750,7870,5140,5280,6020,70290
269,269,2810,3880,2140,2260,3920,2600,4390,4100,2590,1060,1740,2010,30690
270,270,5990,4070,4230,5780,8900,6410,4050,7560,6150,3850,5230,4380,60610
271,271,800,360,870,1380,880,640,1300,1590,1970,590,1160,560,11300
272,272,0,260,620,290,880,460,690,520,810,0,500,180,5210
273,273,1640,1450,1740,1900,1900,1350,790,2010,1130,1150,640,1380,15440
274,274,1880,2270,1310,2170,1150,2330,1930,1030,2690,2040,1710,1550,20180
275,275,9960,7490,8070,12090,18270,11860,8950,10790,11940,8960,7740,9030,115190
276,276,480,870,210,610,2600,440,410,2060,1570,1420,1610,620,12420
277,277,0,610,0,540,1220,260,500,550,850,610,390,230,5760
278,278,9100,8040,6120,10700,10180,8600,10490,9250,9060,6440,8230,7030,94140
279,279,6480,5460,5320,4910,8010,3550,4600,6360,5350,4410,3500,4340,55810
280,280,1110,0,210,870,690,720,0,0,770,250,1260,690,5460
281,281,210,900,0,590,0,250,390,890,790,450,420,440,5120
282,282,470,1010,1160,1260,2170,690,1320,1070,750,900,920,1370,12620
283,283,1070,1150,720,1100,1830,1140,690,1160,1120,840,440,410,10600
284,284,250,0,0,590,590,1170,1130,0,1320,830,640,1210,7480
285,285,7630,8320,2870,6770,7930,7580,3150,4600,6410,4470,4030,5510,61640
286,286,1930,1160,1120,1110,1650,710,1950,1050,980,1670,740,710,12850
287,287,3090,1240,1510,1980,1210,1180,510,2380,990,800,1910,1270,14980
288,288,280,730,880,840,1170,770,690,270,200,540,160,0,6250
289,289,2440,3240,2350,3360,5000,3170,1170,3550,3670,1810,3240,3000,33560
290,290,5870,5620,5390,7980,8330,5930,4500,7040,6710,5590,4270,3940,65300
291,291,1590,2490,1600,2340,3700,3350,2110,2260,3580,1520,2470,2260,27680
292,292,10310,7780,5380,10070,8080,7540,9650,8870,5580,6470,6770,7020,83210
293,293,3200,2260,2870,3690,3500,3760,1810,2800,4520,2020,2260,3330,32820
294,294,3830,4000,3070,3220,5370,4100,4450,5470,3180,2900,4170,3080,43010
295,295,3720,4550,2180,1590,1950,3670,3120,2300,4860,2330,2680,1800,31030
296,296,4690,4080,2210,5580,4010,2290,4520,5670,4510,3740,2640,2180,41430
297,297,2050,3920,2000,1730,4330,3180,1460,3270,2440,1980,1060,2600,27970
298,298,5190,7130,3570,5930,8340,4110,5450,8040,8610,3500,4460,4410,63550
299,299,730,540,290,520,590,0,480,570,870,0,170,260,4290
300,300,6240,5230,4200,7010,5610,5710,6950,5690,4920,4910,5000,4770,60000
301,301,480,280,0,930,920,230,430,0,1090,340,430,160,4810
302,302,9820,9010,7010,12780,9930,11590,8560,13710,11950,8190,7910,7160,107800
303,303,0,180,780,840,870,190,540,590,490,1000,0,610,6090
304,304,6560,3430,3860,4340,5550,3900,4870,6660,2690,3560,3810,4570,47240
305,305,1220,420,600,0,630,1760,790,490,790,180,250,480,6390
306,306,1890,2590,1390,2690,1440,2750,2190,2480,3370,2710,1990,1070,24670
307,307,7990,6680,6780,9380,12880,7870,7450,8970,7000,6410,9160,5340,87920
308,308,250,550,810,520,0,570,280,840,200,360,220,230,4580
309,309,520,260,0,810,580,480,0,540,1130,430,260,390,4880
310,310,7150,7600,3590,6520,9270,6450,5600,6900,6280,2730,3950,6820,65710
311,311,3800,4830,4020,5630,6010,4060,3940,3970,3370,4540,5140,2560,48070
312,312,4780,4040,5040,6970,7610,3460,6890,4630,5320,4720,5050,4230,57960
313,313,3600,5720,4030,6230,7100,6000,5300,5800,3860,4050,3270,4570,55930
314,314,1260,1610,1230,1900,1810,2490,1240,2270,2200,1820,2080,1220,19870
315,315,2170,680,1590,1470,1430,700,1670,2350,1880,1280,1900,780,15730
316,316,1230,430,750,0,580,560,0,0,240,0,890,380,3830
317,317,2160,3810,2350,3740,3320,4990,3530,5850,1850,3760,4530,1650,39380
318,318,300,620,0,870,890,0,450,1120,770,220,550,0,5490
319,319,5460,3030,2200,2660,2370,3860,3700,4050,2710,2350,2680,2540,32150
320,320,4010,1450,2180,2590,2200,1790,2430,3050,3530,2300,2070,2660,26250
321,321,1580,500,350,790,1420,520,1180,800,1940,870,1490,850,10710
322,322,3320,920,1360,1810,2740,1650,2260,2500,520,1540,1700,1190,18190
323,323,1150,960,580,2050,2670,1690,1410,3070,1550,390,430,1360,16160
324,324,3950,3690,830,1950,3170,4270,2690,2810,3640,1650,2790,2870,30360
325,325,4960,4590,2360,4160,5150,2730,2960,5450,4190,1410,4700,2990,40690
326,326,6840,4070,3350,7470,9030,5310,7780,8780,3510,3270,6230,4400,63200
327,327,5830,4520,3390,5260,7000,6200,5960,5510,7990,4890,4970,6130,61820
328,328,1390,1790,830,910,1290,670,1000,1640,1870,1290,1510,1400,14200
329,329,3030,4630,2220,3750,2330,2200,4150,3140,2190,1860,2770,2170,31410
330,330,1290,760,940,1150,1890,2500,1410,1600,1520,1760,1650,780,15960
331,331,4970,4610,1960,3450,5320,2720,4090,4980,4830,2540,3360,2810,40670
332,332,0,250,850,610,580,180,770,830,610,930,160,200,5970
333,333,8240,5200,4600,8750,6730,6460,7080,7090,7210,3860,7160,6850,70990
334,334,0,830,230,230,290,0,490,790,280,800,850,230,5020
335,335,1540,2560,2250,3380,3940,3900,2040,1210,3200,2280,2790,2000,29550
336,336,520,0,650,1450,880,1540,220,560,450,720,630,610,7710
337,337,1650,2110,700,1460,2330,2340,2310,1350,1310,830,1200,1010,16950
338,338,5750,3670,3950,4350,5690,5570,4260,5490,4460,4640,5660,6750,54490
339,339,1280,450,810,840,240,800,1900,550,1560,680,950,370,9150
340,340,480,250,130,930,1230,280,0,260,0,550,490,600,4720
341,341,4970,3620,2460,2050,5330,5220,2610,3290,5210,3940,4300,4610,42640
342,342,4770,4580,4920,5890,5830,3550,5980,3610,5630,4260,3120,3340,50710
343,343,3920,3280,1930,4760,5350,4710,4360,4040,4290,2900,2620,4230,42470
344,344,5010,2800,3380,5540,6760,5060,4060,4910,6000,3540,3240,6000,51290
345,345,3700,4270,3160,1900,4070,5070,2590,5970,4950,2880,3230,4510,42600
346,346,3300,2150,3370,5100,4940,5210,3910,5830,4650,2330,3350,4150,44990
347,347,1020,1190,780,1460,1440,230,1950,1350,1350,1260,1060,1030,13100
348,348,570,250,780,810,530,1730,1560,1710,0,1010,390,720,9490
349,349,1240,1140,160,1430,1100,770,510,2010,1730,1180,730,430,11190
350,350,1600,900,900,1400,950,200,970,740,690,250,1360,470,8830
351,351,990,880,900,1730,1430,880,470,1060,1230,340,0,270,9190
352,352,600,1070,460,490,940,0,930,240,250,240,720,180,5520
353,353,4920,3260,3550,5390,6060,1700,5280,6920,3500,6120,4160,4900,50840
354,354,470,510,630,620,880,270,1110,580,260,580,250,420,6110
355,355,520,420,180,780,940,430,790,290,490,210,0,950,5480
356,356,1940,2010,1090,870,2050,2180,1780,1070,1060,980,1370,1560,16020
357,357,220,830,350,320,880,1210,760,1080,970,1200,690,1520,9810
358,358,730,750,800,830,300,290,430,310,300,740,710,270,5730
359,359,2770,1720,2070,840,3050,1480,2000,2240,1220,2170,2540,1400,20730
360,360,2450,2260,1820,3470,4450,3130,2310,3050,2250,1240,1000,2380,27360
361,361,0,800,220,860,890,260,460,580,490,0,1210,360,6130
362,362,5270,6590,5440,5260,9140,8010,3860,7020,5520,5650,5280,7200,68970
363,363,740,350,0,230,880,220,0,880,260,290,160,620,3890
364,364,1210,1010,970,1590,890,1120,1110,780,1540,1310,860,1590,12770
365,365,0,250,220,1120,910,970,230,1420,1450,380,400,840,8190
366,366,1040,1440,770,2040,530,1130,930,830,1490,690,1200,1630,12680
367,367,860,1260,1090,860,1190,570,550,1130,510,790,830,1020,9800
368,368,530,250,0,820,1180,790,500,810,290,0,150,440,5230
369,369,1680,2000,800,1580,1500,1290,1530,2280,2730,990,1050,920,16670
370,370,1060,970,670,2160,1870,860,200,1930,1060,180,1070,760,11730
371,371,1370,760,150,2020,2000,2150,1230,1720,1880,780,1250,1170,15110
372,372,5100,6900,3570,4030,4470,5130,3340,6470,6140,2130,4370,3990,50540
373,373,5160,4740,5900,5070,5830,7210,2500,7500,7140,4360,3670,6050,59970
374,374,0,1560,580,0,1240,210,430,270,580,370,890,500,6630
375,375,300,440,440,900,570,480,750,530,530,560,910,450,6560
376,376,550,850,780,540,1110,420,400,1030,0,580,660,770,7140
377,377,7140,10010,4900,8790,9050,8530,7050,10330,9640,3960,5600,6120,83980
378,378,3400,2500,2580,5800,5950,3580,4810,5390,3990,2960,3030,3550,44140
379,379,5070,2730,2620,4080,2310,2920,3470,2820,3200,2820,2620,3260,32850
380,380,1120,1860,3140,2490,3270,3560,2600,3800,1290,1590,2230,2970,28800
381,381,0,1100,1100,840,1450,680,1420,2170,930,1130,610,880,12310
382,382,1310,1220,1540,1130,1430,730,1590,1090,2750,620,2790,810,15700
383,383,570,0,570,620,900,230,210,890,0,1230,210,0,4860
384,384,4310,5580,4500,5130,8730,6780,6370,6150,5690,4170,4150,6100,63350
385,385,980,670,280,310,580,460,230,0,760,530,0,440,4260
386,386,4690,7490,6170,7870,4800,6780,5840,7070,6690,5830,3720,5110,67370
387,387,1910,1440,540,480,600,1430,1620,1430,500,1610,930,220,10800
388,388,5010,5650,3620,7700,7630,4520,6030,3470,6430,5160,3960,6100,60270
389,389,770,1030,860,570,0,690,1480,550,0,170,440,900,6690
390,390,3480,1790,1860,2370,2430,1650,3490,2270,2240,2960,1850,1930,24840
391,391,450,4050,1080,1660,2480,1880,3070,2910,1280,2510,2440,2170,25530
392,392,7890,11860,7540,8160,13020,7760,9800,8680,10240,5520,8140,8410,99130
393,393,5020,1640,2330,2540,3380,3430,2720,5410,3050,2180,2540,2170,31390
394,394,1290,920,1120,850,600,740,1940,980,1610,1630,1120,700,12210
395,395,300,740,1300,1150,570,1130,760,1860,2140,490,1710,490,12340
396,396,3050,2290,1630,1170,830,2590,2810,1920,3600,1720,1320,1420,21300
397,397,2890,3390,2220,5530,4270,3500,1860,4070,4360,2640,2910,3460,38210
398,398,6960,6120,5380,6690,6920,6140,6530,8540,6120,4780,7040,5550,69810
399,399,740,280,290,0,580,670,0,460,800,160,380,640,4260
400,400,4690,3060,1960,2150,5430,2120,2920,4160,3310,1810,3160,2550,32630
401,401,1650,1850,840,1640,1300,700,1350,910,1770,1160,1660,800,13980
402,402,460,970,610,1700,1200,1040,470,540,1560,1260,1720,660,11730
403,403,560,1400,420,340,820,200,1640,1100,740,920,2150,0,9730
404,404,13830,12390,12370,19460,20760,17800,10870,18500,15950,9380,11080,13600,162160
405,405,7400,5920,5770,7170,6170,6000,6640,8230,8500,5650,7380,6630,74060
406,406,3890,5260,3860,4270,5560,3680,4150,6490,6190,3530,2960,4480,50430
407,407,540,0,380,860,870,510,940,290,1380,210,640,200,6280
408,408,5750,3030,4500,4800,4400,3250,4520,6170,3280,3370,3250,2180,42750
409,409,1130,450,300,1080,1230,610,970,0,240,0,490,260,5630
410,410,860,980,950,1450,870,880,1500,2630,1410,620,530,1110,12930
411,411,460,820,730,930,610,1020,990,1090,1250,1040,820,2210,11510
412,412,760,1320,1240,1180,1210,840,730,750,1430,1030,370,910,11010
413,413,530,340,600,570,900,490,620,220,500,840,0,250,5330
414,414,220,0,720,0,870,280,430,310,540,180,940,900,5170
415,415,8210,9450,6370,9380,11170,9470,10430,14700,13570,6520,9360,8780,109200
416,416,7330,7030,7490,6450,7110,7100,5500,10910,5430,7730,7310,5590,77650
417,417,0,470,520,530,1230,250,190,560,210,0,400,360,4720
418,418,800,490,130,330,280,1080,990,1090,890,0,790,690,6760
419,419,1370,1250,480,570,1530,700,230,610,1620,350,390,190,7920
420,420,1800,1510,960,1420,1510,760,970,820,1610,1170,1320,1350,13400
421,421,1930,1640,1820,2020,2120,710,2980,2730,1310,2310,960,2500,21100
422,422,2080,2560,1350,820,1410,1010,510,1290,460,1120,1620,850,13000
423,423,550,470,330,1420,1140,1230,1550,880,900,500,1020,340,9780
424,424,3890,4700,3470,3150,5400,4940,5830,2560,3100,2850,4040,3970,44010
425,425,2600,1630,1480,3040,4550,280,2320,2400,1460,2540,1990,470,22160
426,426,280,1440,710,580,940,1070,550,0,0,430,570,630,6920
427,427,1140,1060,1390,640,1470,1080,1310,800,1450,1380,420,1070,12070
428,428,8430,8170,5140,10150,11520,8500,8220,10350,6960,4700,8690,8860,91260
429,429,1730,500,940,300,2490,1990,1220,1220,580,740,1610,1590,13180
430,430,300,540,200,340,590,220,260,290,220,610,1300,0,4570
431,431,850,1830,450,590,1130,1450,1390,1440,1950,1420,1330,520,13500
432,432,1810,250,350,0,990,1310,1250,1580,1490,140,570,210,8140
433,433,1680,1070,1210,320,580,920,550,540,1050,1000,1080,390,8710
434,434,10080,7750,6620,8120,10970,7700,6800,6060,7470,7420,4160,6790,79860
435,435,2190,4110,1750,4570,3910,3760,2920,1660,2740,2500,1960,3110,32990
436,436,6510,5990,2320,4210,5580,5270,5950,7650,6520,4130,4650,4640,56910
437,437,760,470,1230,780,1080,270,740,1480,260,220,0,720,7250
438,438,260,810,560,570,830,620,300,1290,530,580,200,560,6850
439,439,880,1060,450,1460,890,1010,2160,1330,480,560,800,1340,11540
440,440,530,1170,410,610,510,0,270,310,700,0,260,230,4470
441,441,2960,2130,2520,2570,3680,2490,4550,3200,2340,2930,2500,2470,31380
442,442,0,1040,600,310,640,680,230,840,300,670,250,430,5990
443,443,1140,210,190,250,0,250,500,1390,230,830,650,240,4740
444,444,4220,2540,1310,3230,2740,3040,3290,3130,2500,2090,2800,1640,28310
445,445,430,560,1040,570,270,280,670,880,2040,790,390,600,8090
446,446,3000,2680,2430,2780,4130,2320,2770,2530,2420,3540,2080,2290,29970
447,447,1140,640,570,310,750,220,850,250,1240,780,600,1250,7460
448,448,1600,1010,1030,1990,2110,2350,1440,1830,1320,1060,1440,740,16320
449,449,14470,9200,7780,9610,14750,11120,9130,12900,13580,9420,9890,8460,115840
450,450,2150,1160,750,3840,2400,1660,1700,3170,2210,2350,870,2280,22390
451,451,3120,5710,2200,4310,2420,4890,4830,3830,4840,3550,5390,2940,44910
452,452,4660,3230,3120,2340,2680,4130,3530,3630,2310,3170,2410,1620,32170
453,453,4010,5810,3510,5040,6080,5690,4270,5900,2530,4210,4970,4260,52270
454,454,2730,3050,3500,5180,3850,3920,4480,4670,2950,3770,1910,5110,42390
455,455,4340,4170,3040,4350,5740,6140,3940,5170,5480,3720,3900,2640,48290
456,456,7250,7010,2680,6430,5210,4530,6470,7650,5100,3230,5810,6390,60510
457,457,2430,3180,2610,3670,4510,3700,3650,4140,3810,3620,3710,4550,41150
458,458,2990,2790,1530,2610,3230,1950,2800,1940,1890,2260,1360,3000,25360
459,459,1610,1590,1270,3330,970,920,760,1580,1310,1460,970,800,14960
460,460,520,430,0,290,0,260,580,1060,780,330,250,1010,4990
461,461,1100,370,140,1030,690,620,640,1290,240,170,660,930,6780
462,462,3630,2190,1780,4880,3030,2540,3210,2510,2540,1910,2200,1930,28720
463,463,1450,440,410,2630,540,430,1090,1290,1200,250,1830,1570,11680
464,464,1580,1650,860,1210,1780,1940,2610,1460,1780,1770,1380,1310,17750
465,465,1930,2100,1600,1340,3220,2190,1180,1640,3560,1650,1710,1980,22170
466,466,1110,1100,150,930,1020,1210,1630,760,450,200,1080,890,9420
467,467,3560,2860,1980,3680,3050,3750,3800,2370,4150,1980,1640,2200,31460
468,468,0,1090,910,1870,1430,930,480,0,210,1100,1170,620,9810
469,469,2830,1290,1080,1220,1180,660,1520,1090,650,620,860,420,10590
470,470,1500,740,0,0,1790,240,1200,500,460,450,430,180,5990
471,471,5240,4920,7260,6870,6220,3380,4310,6430,5860,3330,4710,4410,57700
472,472,770,1200,860,0,1410,240,770,0,880,450,350,1090,7250
473,473,6700,7420,5840,9760,9160,8630,5920,7350,6050,3710,4130,4440,72410
474,474,1010,480,340,760,350,820,0,0,0,170,210,470,3600
475,475,2520,1310,430,3290,2410,1790,1250,760,1910,1720,1560,1330,17760
476,476,720,1240,450,1670,310,750,250,880,900,400,260,650,7760
477,477,1630,1240,2470,2820,4240,2170,2210,1930,3460,1570,1820,1840,25770
478,478,5250,4270,2850,1900,6170,5020,4320,5490,3830,2370,3180,3640,43040
479,479,2010,700,970,2760,3150,1240,720,1240,810,240,860,840,13530
480,480,1000,600,660,1230,1210,1220,1130,1420,970,1160,950,1550,12100
481,481,1320,920,130,320,330,720,290,330,1460,0,370,180,5050
482,482,1330,1360,520,1400,1990,930,900,800,1490,1620,1190,700,12900
483,483,3110,2350,1390,2660,2190,3390,2770,3680,3180,3090,3360,2320,30380
484,484,820,1170,0,560,1000,540,0,0,740,690,350,760,5810
485,485,3920,4190,3900,2490,3190,3730,2290,2510,6450,3570,3940,3920,40180
486,486,5370,3940,3130,4310,6130,5420,5010,6170,5430,2880,5250,3310,50980
487,487,2340,2200,2110,6230,2780,4270,3350,2410,3420,2260,2160,3280,34470
488,488,1010,1570,2070,2060,2940,2710,1520,1820,2710,2970,1500,2220,24090
489,489,1300,1560,1340,930,680,680,870,280,2140,760,1460,1330,12030
490,490,1160,270,340,240,1200,470,260,1380,760,400,850,710,6880
491,491,1040,960,550,1990,1210,960,950,1020,1980,740,1200,630,12190
492,492,3220,2850,2050,2260,3720,3030,2520,3330,2930,2900,1350,2290,29230
493,493,790,960,520,1540,810,750,1540,1720,1540,0,1510,0,10890
494,494,3200,3020,4170,4660,6620,4360,3970,4740,6380,3830,3880,2880,48510
495,495,2180,1200,1300,3990,2320,3000,3350,2150,2470,2150,2510,4680,29120
496,496,5780,5520,5950,6050,8350,3970,4080,7770,4710,3560,6250,4910,61120
497,497,3800,3370,1950,3340,5460,4170,3730,2030,2120,1940,2480,1420,32010
498,498,2330,1690,950,2900,2760,3200,1540,3120,1340,1660,1450,1360,21970
499,499,3900,5100,4270,4770,5220,5260,4000,3600,4830,2970,4070,5000,49090
500,500,1640,1400,240,590,890,1060,1790,2500,3200,1590,690,1250,15200
501,501,570,940,140,1380,570,1050,730,1390,0,920,600,490,8210
502,502,2480,3290,1560,4960,3260,3360,2690,5370,3390,1710,1640,4720,35950
503,503,5230,4330,2070,2770,8660,6320,6480,5400,5180,3060,3960,5520,53750
504,504,2690,1330,1450,2660,2680,2160,1630,3000,1650,2210,2620,2960,24350
505,505,6240,5370,4020,7160,7710,4600,3860,4930,4760,4020,4870,2870,54170
506,506,1310,1120,740,1100,1790,1640,760,1410,1560,790,1040,920,12870
507,507,1220,2100,1540,1230,660,1190,1410,3310,3050,890,1370,2870,19620
508,508,550,740,200,850,1530,200,200,630,520,990,1030,550,7440
509,509,0,720,190,480,250,1200,820,560,430,430,1180,660,6920
510,510,750,0,760,1400,330,470,520,1280,230,0,200,270,5460
511,511,1100,460,0,0,240,0,790,600,210,440,1080,270,4090
512,512,530,950,590,920,290,0,0,770,1150,230,200,0,5100
513,513,4040,1850,2440,5410,6180,2890,5350,3830,6470,2060,3350,4050,43880
514,514,730,420,700,560,960,2420,490,0,280,380,1510,800,8520
515,515,530,690,170,320,1210,0,230,0,310,230,810,540,4510
516,516,1510,870,240,860,270,680,2020,600,700,0,420,880,7540
517,517,2680,420,1020,1720,1640,2070,1220,1610,1280,1420,1300,980,14680
518,518,1580,440,560,900,1150,1010,1710,990,1530,240,630,1390,10550
519,519,0,220,0,850,580,700,770,590,720,350,230,610,5620
520,520,3040,4230,1780,3520,4080,2720,3910,4310,2870,2500,1590,1890,33400
521,521,1110,680,750,900,530,600,1090,0,220,360,0,700,5830
522,522,2870,1950,1460,1720,2370,3350,1550,950,2370,2180,1800,1360,21060
523,523,7200,4780,5090,8690,6980,5370,5740,9450,4680,5020,6070,5170,67040
524,524,560,940,670,1270,1310,1980,1300,1270,1450,0,1670,850,12710
525,525,1090,970,810,1740,2700,1670,410,2500,880,1110,1360,1560,15710
526,526,3610,620,1330,2370,2940,3300,3110,3580,3220,2190,2970,3570,29200
527,527,800,660,1020,1340,1010,630,760,1870,1490,560,580,2020,11940
528,528,460,640,1050,1250,1990,1040,680,630,1390,230,400,780,10080
529,529,800,200,1320,620,840,950,1030,0,830,1500,980,1520,9790
530,530,840,450,520,230,280,1440,970,0,280,540,470,800,5980
531,531,4580,5370,3930,5230,6810,3730,7570,7610,4490,5700,4820,5960,61220
532,532,6700,3540,2730,5820,5100,5250,4550,6790,6020,5060,4910,5500,55270
533,533,1920,1310,1310,2910,340,1370,2190,1140,1050,1730,1570,2140,17060
534,534,6150,4620,1950,4720,6680,4860,5050,7110,4660,1920,1930,4860,48360
535,535,3750,1160,3560,2990,5070,2730,4540,3320,3290,1720,4440,2330,35150
536,536,10530,8480,10090,10810,14390,10730,7730,9510,10390,8230,8390,7710,106460
537,537,2020,1190,1470,810,1750,2700,2090,1560,1760,2020,1200,360,16910
538,538,1580,1080,1160,1200,840,1280,1300,1490,1080,910,1370,380,12090
539,539,1040,220,400,1710,2430,2030,730,3000,1750,880,650,1120,14920
540,540,4420,3030,2640,3360,3210,610,2220,2610,4020,2500,2170,1140,27510
541,541,3060,1090,2700,3340,2250,2050,2670,2590,2040,3200,3720,2120,27770
542,542,3930,4430,3430,5190,5130,2190,5630,4830,3870,2700,3880,2420,43700
543,543,1360,680,130,270,320,230,800,270,1290,250,660,1250,6150
544,544,2160,2330,3220,3300,4080,3940,2960,3380,4790,1630,2880,3370,35880
545,545,1330,730,780,660,1860,1630,550,2100,830,610,1620,1610,12980
546,546,850,1000,160,300,260,840,260,280,750,430,0,460,4740
547,547,2810,3200,850,3210,3300,3260,4270,5200,3260,2650,4050,1440,34690
548,548,1040,440,620,850,340,0,960,270,260,420,570,270,5000
549,549,590,360,390,0,1880,570,910,1930,1650,610,360,660,9320
550,550,6580,8030,4510,6350,6590,6230,8010,7720,7050,7010,5360,5070,71930
551,551,1550,1570,1970,2370,3280,620,580,3440,2370,1130,1240,920,19490
552,552,2170,1860,1290,2640,3300,2030,2950,2830,1610,1520,1150,1290,22470
553,553,2210,1440,2120,2450,2360,1990,2300,2230,3610,2930,2680,860,24970
554,554,1350,470,720,2730,2170,2250,820,240,730,440,350,1080,12000
555,555,1250,250,1580,1120,970,750,1170,1530,1220,410,0,200,9200
556,556,1290,850,360,1150,1460,740,810,1210,1270,710,1420,1410,11390
557,557,0,230,180,550,620,240,250,850,690,400,640,250,4900
558,558,2090,1440,1640,800,1210,1260,2760,1610,1800,500,1270,1460,15750
559,559,1770,2260,1700,2050,1470,2450,1170,3160,1530,1960,1520,2490,21760
560,560,6800,5790,6720,4440,12310,6710,7390,10060,8560,6140,5180,5200,78500
561,561,1630,1970,480,1980,1450,840,1900,2380,1170,370,1310,2010,15860
562,562,830,0,380,600,1570,1040,720,1670,280,610,0,0,6870
563,563,290,460,890,270,610,240,440,1020,1160,820,390,940,7240
564,564,280,1120,830,230,0,1770,460,820,840,390,990,570,8020
565,565,3290,2490,2850,4390,3450,3810,3110,3700,3030,1460,2570,1650,32510
566,566,3720,3280,2930,3570,2810,2610,2810,3200,3540,2820,3200,1780,32550
567,567,1280,1910,580,3160,3070,1720,760,1630,2770,140,1370,1940,19050
568,568,970,1730,810,980,3000,1160,930,1960,1270,1770,1620,0,15230
569,569,770,0,390,280,630,720,190,550,230,840,260,350,4440
570,570,880,700,0,1120,550,0,240,560,0,410,0,670,4250
571,571,250,740,0,670,330,690,280,880,560,0,460,360,4970
572,572,1010,1160,1960,1670,1810,1230,990,0,470,360,350,1170,11170
573,573,1080,860,1540,1450,800,1020,450,1770,450,1320,160,270,10090
574,574,830,1260,640,320,290,970,250,470,240,210,170,500,5320
575,575,810,1940,150,230,640,640,980,750,270,970,400,430,7400
576,576,3130,5550,1570,3720,5380,1930,5930,4840,3140,1850,4350,3180,41440
577,577,260,480,360,250,260,1060,230,1270,260,390,390,210,5160
578,578,1790,1360,570,1450,1040,2210,1660,1140,2640,1220,830,1510,15630
579,579,1310,1180,510,300,840,700,1540,1350,870,290,1040,940,9560
580,580,950,650,160,570,260,450,970,710,290,140,580,720,5500
581,581,1530,790,860,1620,820,1350,1230,740,2490,1320,820,1290,13330
582,582,710,0,470,240,960,840,240,520,780,430,1090,160,5730
583,583,530,0,470,790,290,0,880,750,500,670,0,590,4940
584,584,2020,1420,1580,1200,2580,1220,1700,1450,1450,1070,2190,1380,17240
585,585,4400,3180,3090,2640,3690,4370,1860,4830,4070,2900,2090,2310,35030
586,586,2620,1150,1650,2830,1870,1990,2050,3120,1570,1060,1900,1840,21030
587,587,5010,5350,4380,7000,3980,4350,3470,4690,4680,2990,3820,3850,48560
588,588,700,430,360,900,1190,1430,950,2160,1080,770,250,430,9950
589,589,240,460,390,1690,1370,470,1880,2110,750,1470,200,850,11640
590,590,1940,1170,1530,2330,1730,1640,1950,1840,2190,1320,1550,1090,18340
591,591,7790,9300,6380,6230,7260,7730,8570,9140,7820,4820,5340,5980,78570
592,592,3810,2760,3730,1690,4690,3240,3880,4060,2190,2700,2200,2130,33270
593,593,250,440,330,250,1200,0,1230,260,570,810,410,180,5680
594,594,3670,660,2000,3190,2860,1390,1460,1370,2660,1000,1540,1700,19830
595,595,0,280,540,0,320,210,510,320,790,900,230,430,4530
596,596,830,460,590,870,1260,430,450,580,1410,1570,480,860,8960
597,597,0,450,420,300,550,780,950,1070,570,630,0,220,5940
598,598,1270,440,1420,280,2160,420,0,1930,800,1330,600,600,9980
599,599,2900,2140,1060,2330,1430,1150,1480,2560,2000,1520,1750,1010,18430
600,600,4760,2290,2140,3150,3550,2740,3810,4310,2810,760,3250,2400,31210
601,601,270,460,780,580,870,240,1510,550,1010,850,0,0,6850
602,602,580,1160,1480,250,630,1450,880,690,1070,1240,210,800,9860
603,603,500,200,420,580,1430,430,280,270,750,610,190,660,5820
604,604,2790,1530,600,2480,1500,1480,1230,2990,1570,2290,1580,1480,18730
605,605,6120,4470,4350,5000,5550,4690,5190,4940,5360,3910,2780,4190,50430
606,606,480,710,950,1230,920,1540,670,1490,450,150,250,260,8620
607,607,4190,3470,3190,2740,2440,3970,2460,2860,3700,3100,3760,2630,34320
608,608,260,220,1050,270,680,240,300,1600,720,240,580,440,6340
609,609,1420,1070,1510,1290,2910,1080,2080,1100,2660,1110,770,620,16200
610,610,1630,680,470,1490,920,250,1000,730,310,800,1100,1060,8810
611,611,1100,890,510,820,630,480,250,600,680,0,580,0,5440
612,612,990,510,190,1100,870,290,490,620,500,680,200,380,5830
613,613,1310,890,210,0,1460,1160,770,1130,800,620,170,980,8190
614,614,1960,690,1630,3610,1400,1580,2600,2780,3000,1350,2200,1920,22760
615,615,1260,900,830,880,520,480,1520,1360,1010,610,440,460,9010
616,616,3190,2050,2450,3260,3260,460,2340,2850,2410,1170,560,2310,23120
617,617,3870,4300,4650,5270,7040,3370,3890,5290,5010,3030,3010,3440,48300
618,618,1300,2550,1800,1810,1790,2110,2030,2290,2240,1660,800,1340,20420
619,619,2130,2150,1920,2370,2380,2180,3330,2260,3050,1390,1670,1750,24450
620,620,4770,2730,2230,4740,5310,3550,1870,4100,3780,2810,2240,3400,36760
621,621,4250,3570,3670,3630,6390,5780,5680,5830,4470,3510,4740,3330,50600
622,622,1280,1180,560,230,550,1100,480,330,670,1350,980,1570,9000
623,623,3640,5410,2050,3450,1850,3680,2430,4110,1150,1150,3110,1650,30040
624,624,2380,1790,1670,2270,2300,2940,2830,3780,750,2050,1070,1320,22770
625,625,520,1170,240,580,560,410,960,220,1100,970,450,420,7080
626,626,5200,2640,2210,2710,4970,4280,4210,5780,4240,3140,2060,2160,38400
627,627,1300,280,450,540,540,0,700,250,500,570,630,750,5210
628,628,3240,2650,2170,860,1480,3650,1870,3130,3890,2330,1720,2080,25830
629,629,1760,1760,2040,1740,2120,2050,2960,3550,3000,1260,1780,1510,23770
630,630,280,760,0,1170,290,470,550,540,710,0,210,210,4910
631,631,2870,1020,1280,1370,2380,2040,4260,3040,3530,1860,3230,1770,25780
632,632,1270,1630,1520,1020,1770,1040,520,890,1530,1690,820,250,12680
633,633,3570,3370,3620,2020,2120,2050,1450,2900,2500,2870,2450,2400,27750
634,634,480,450,600,1690,690,420,250,0,1190,740,740,720,7490
635,635,300,230,550,790,310,280,190,640,1020,380,190,0,4580
636,636,3170,580,1900,1090,1970,2200,1660,3110,3050,1320,1520,3020,21420
637,637,1580,640,690,580,1330,1580,2080,760,1150,1370,2410,1210,13800
638,638,3140,1980,2970,3200,4200,1910,3870,3480,3850,1900,3010,1990,32360
639,639,2220,1920,2140,1910,2440,2440,2790,2140,2400,1060,2310,2190,23740
640,640,1060,1130,320,0,2610,670,1060,470,220,1100,1020,0,8600
641,641,7910,4830,4670,5550,8260,6730,7460,7160,7040,5610,5600,4870,67780
642,642,3630,4160,4510,4030,5860,3190,4850,4560,3610,2810,3650,3740,44970
643,643,890,700,550,1150,640,950,1180,500,1500,410,780,930,9290
644,644,810,2100,1700,4210,1870,3220,2910,2830,3110,2240,2280,1840,28310
645,645,1240,850,830,960,670,210,230,1100,1580,0,560,1150,8140
646,646,2370,400,1600,920,540,730,1570,1660,1830,230,960,900,11340
647,647,5880,4930,5480,5030,7680,4020,6050,7090,5140,5960,5630,6640,63650
648,648,0,200,910,980,250,0,1090,310,550,850,690,0,5830
649,649,6360,7940,4860,5350,10150,5210,7460,7510,7030,5140,3870,3640,68160
650,650,1300,230,0,600,310,220,520,550,540,250,590,240,4050
651,651,580,450,420,0,0,460,750,820,210,1030,0,390,4530
652,652,6750,7380,4770,8330,6380,4490,7440,5450,5760,3230,3460,4700,61390
653,653,4690,2370,2720,2880,2340,2320,3680,1700,4020,2240,2950,2730,29950
654,654,15950,14470,10510,14980,14640,15720,13720,13170,18120,13540,11050,7900,147820
655,655,310,190,440,230,1200,740,500,330,1060,210,470,190,5560
656,656,890,640,190,270,1440,790,670,600,0,0,570,780,5950
657,657,770,2020,450,3120,3130,1380,850,560,1260,1930,750,1080,16530
658,658,4930,3530,3010,3340,3970,2620,3540,5490,4590,2790,4960,3060,40900
659,659,4920,4380,3540,4600,6380,3860,4020,4990,4470,3630,4160,5100,49130
660,660,1650,1600,1590,3920,4390,1720,2550,1850,1850,2230,3100,2350,27150
661,661,490,670,330,560,580,420,790,0,0,160,1200,250,4960
662,662,3450,3740,2640,2530,5590,2800,2170,4430,2510,3700,2320,1860,34290
663,663,4640,2900,2920,3960,3400,1950,2310,3150,4360,3390,2510,3910,34760
664,664,5250,1960,1670,3220,3820,3470,2450,2180,2960,2240,2200,3160,29330
665,665,4530,3030,4420,4750,6140,4940,5420,4810,7600,4440,3650,4570,53770
666,666,1030,1360,200,1910,670,180,2550,1100,690,180,550,1040,10430
667,667,250,640,760,640,1280,1660,1410,1730,800,360,1360,260,10900
668,668,1910,2450,1660,3590,1860,2110,1910,2090,1870,890,850,2500,21780
669,669,950,1290,370,860,2510,1150,740,590,740,230,1290,660,10430
670,670,2930,430,1570,2580,3820,2940,3170,4210,2170,1710,1540,2830,26970
671,671,510,1060,970,240,1270,560,0,1170,540,400,190,400,6800
672,672,1350,780,790,520,610,760,210,500,1090,420,650,880,7210
673,673,1220,0,1480,590,290,730,870,1520,210,420,1240,360,7710
674,674,550,1000,290,1090,510,920,0,530,2150,740,450,0,7680
675,675,1560,2710,930,1870,2240,1700,1230,1330,1190,1850,940,610,16600
676,676,260,440,1100,910,1200,1380,1020,240,990,1040,750,1860,10930
677,677,320,200,150,990,1580,200,210,840,420,780,570,630,6570
678,678,770,1090,1400,600,2980,1160,1630,780,2020,410,1440,790,14300
679,679,260,470,850,860,1440,1010,680,790,550,910,1000,250,8810
680,680,480,0,430,1140,670,230,820,520,530,180,240,420,5180
681,681,8730,8100,8130,7620,7410,8340,5660,10670,9080,6640,6130,8490,86270
682,682,1390,1120,1770,1480,1660,1120,2210,1400,3010,1120,1030,440,16360
683,683,1580,1430,930,1550,2670,2130,1920,1160,2330,1570,2430,1070,19190
684,684,450,540,430,0,610,180,210,0,250,330,680,720,3950
685,685,1120,1580,1630,1650,1500,700,1820,1570,1720,1170,700,1420,15460
686,686,1260,0,620,1150,820,0,450,280,240,140,0,200,3900
687,687,310,190,430,1190,330,430,710,590,310,470,370,550,5570
688,688,980,840,190,1130,590,470,700,330,1560,1060,460,380,7710
689,689,2040,670,2200,2090,3660,1790,3900,2910,2340,1740,1310,2740,25350
690,690,730,800,1120,0,1140,450,660,770,500,470,450,170,6530
691,691,990,730,560,260,1870,880,500,1020,450,1140,730,730,8870
692,692,4390,2640,1930,2910,3640,2610,2170,3810,3190,3090,3010,3140,32140
693,693,3490,2920,2690,3700,5090,4850,2530,2720,4070,2270,2440,1190,34470
694,694,890,480,400,1180,340,190,430,1520,1820,1260,380,230,8230
695,695,320,810,200,1570,340,740,1020,250,270,610,550,200,6560
696,696,2140,3000,810,2030,3400,1850,1590,2780,2760,710,2490,1940,23360
697,697,2260,3740,2160,2580,2010,2620,2350,4030,2480,2860,1910,1880,28620
698,698,3950,3290,2870,540,2990,3600,3940,2800,3520,1870,2480,2730,30630
699,699,790,360,360,1310,0,280,290,0,260,400,390,490,4140
700,700,770,1020,140,270,1170,520,810,1060,250,1250,210,460,7160
701,701,470,690,140,310,320,1040,240,780,1450,450,930,690,7040
702,702,790,390,950,1500,1510,260,500,1610,1810,1120,180,1170,11000
703,703,2630,2060,1730,1460,1710,1620,1600,990,2860,820,1560,1630,18040
704,704,2550,1690,1430,2940,3890,4190,1590,3240,1340,2550,1240,1470,25570
705,705,250,660,790,630,910,200,250,790,710,470,410,790,6610
706,706,4220,4770,3290,8190,5880,4620,4000,7700,4670,2410,4190,3720,53440
707,707,2410,1210,1400,3040,1670,2560,2370,3440,750,2160,1890,2280,22770
708,708,3110,2420,610,4270,2540,2580,3940,2460,2590,3150,2520,2810,29890
709,709,1600,2080,1220,2160,2050,1220,2330,2280,1140,1600,2560,880,19520
710,710,4640,4400,4970,4020,6270,5260,5510,4910,3690,2290,3380,3310,48010
711,711,2710,2180,2570,2700,3600,3760,3200,5990,4130,2370,2500,3090,36090
712,712,640,640,770,850,550,480,1270,290,450,190,580,400,6470
713,713,1720,1180,320,320,880,1100,280,1660,750,1110,880,180,8660
714,714,2160,2690,1820,2420,5350,2670,4720,6470,3380,1580,3740,3420,38260
715,715,5050,6810,4860,3440,6050,8200,4370,5530,6440,3700,4610,4790,58800
716,716,2470,1120,1050,3640,2710,1080,1550,2640,2830,1820,1980,400,20820
717,717,920,500,210,2610,0,1070,0,900,1210,980,390,950,8820
718,718,2410,490,1230,2290,1210,1100,520,1050,1670,1340,1330,1310,13540
719,719,1170,500,0,850,310,680,1200,900,290,1020,150,0,5900
720,720,3230,2110,2450,4010,3620,5350,2780,3850,4090,2400,3040,4230,37930
721,721,490,970,710,1540,1460,2310,740,290,960,180,460,320,9940
722,722,520,250,430,240,290,530,220,870,1040,370,390,270,4900
723,723,1550,2020,350,2290,1490,2180,1280,1700,1920,1640,2200,1650,18720
724,724,790,680,490,0,0,180,260,870,760,850,220,720,5030
725,725,830,740,190,330,930,770,850,230,470,370,190,210,5280
726,726,7300,6620,4680,5260,5830,7690,6210,9080,5990,5620,6480,5680,69140
727,727,230,400,660,270,560,720,230,450,770,1240,380,0,5680
728,728,850,430,310,0,510,180,770,1130,480,250,260,0,4320
729,729,550,1680,920,1090,1220,690,0,1590,0,650,480,160,8480
730,730,1960,1810,1120,340,2230,1520,3680,1770,1760,2060,410,1500,18200
731,731,760,490,360,520,560,270,230,250,520,440,200,210,4050
732,732,3030,1980,1150,3600,3550,1180,1200,2850,1980,1070,1980,2260,22800
733,733,1800,450,870,1230,920,940,1510,1310,1610,1850,1060,1820,13570
734,734,1400,450,780,730,1630,2000,690,830,1290,230,490,1830,10950
735,735,1110,650,210,880,240,540,490,550,0,280,660,210,4710
736,736,0,1470,620,660,1250,760,1570,0,210,530,380,510,7960
737,737,2900,2580,2200,4690,3040,2790,4310,3620,3840,1680,2230,2090,33070
738,738,960,740,190,1160,880,680,230,1230,820,580,620,440,7570
739,739,0,0,850,240,830,290,500,500,520,390,450,0,4570
740,740,2430,2120,1100,1660,1650,2950,1380,2350,3580,2140,1770,1650,22350
741,741,830,170,700,570,640,180,800,0,780,210,360,780,5190
742,742,1570,860,0,910,1150,280,280,1190,1220,540,590,250,7270
743,743,720,0,190,890,630,700,290,1080,1020,390,210,620,6020
744,744,1080,1870,900,1060,920,1020,1620,300,1430,1040,1700,610,12470
745,745,720,1320,590,610,2730,1450,1550,2760,2410,860,660,870,15810
746,746,6920,5530,6250,5590,7050,6460,5640,5120,6410,4110,6040,4880,63080
747,747,2910,1620,1180,3090,1870,1600,3740,3320,2430,1150,1540,2060,23600
748,748,5640,6700,5250,6390,6470,6810,3920,6310,8400,4930,3580,7590,66350
749,749,750,660,540,560,650,770,1090,250,490,400,400,1190,7000
750,750,2840,3690,2670,3760,4360,3880,4060,2940,4540,2520,2610,3290,38320
751,751,1120,2290,1060,2860,1160,1840,1660,1400,980,570,1640,1070,16530
752,752,930,1060,1840,1130,2210,890,0,1930,1990,580,630,730,12990
753,753,570,1590,160,1130,1440,790,0,240,940,1080,440,0,7810
754,754,1120,630,690,250,780,0,190,1680,1610,800,960,180,7770
755,755,3750,1300,1470,2220,1990,1350,2800,1860,4470,1770,1690,1880,22800
756,756,2040,3370,2000,2580,3890,4210,4670,4950,2460,3500,3200,2700,37530
757,757,9010,8170,6510,6170,6750,7230,5120,10020,9280,6070,5710,5230,76260
758,758,710,1320,410,0,790,1260,230,700,680,230,580,390,6590
759,759,1430,720,350,1460,1500,820,0,800,310,450,1790,680,8880
760,760,580,2300,560,1200,1480,2030,1060,800,1850,650,940,2430,15300
761,761,550,0,370,230,1190,510,0,530,280,340,410,730,4590
762,762,3300,1750,1830,4760,3080,1330,2500,2820,3440,2160,1830,2110,27610
763,763,3230,1220,1320,2640,2450,1750,3460,2710,2730,1600,1680,1290,22850
764,764,780,940,0,610,590,550,0,480,580,990,190,0,4930
765,765,3410,4210,1590,3690,5030,2720,4130,3360,3210,2580,3690,4550,38760
766,766,1030,0,1070,820,250,990,1430,610,920,830,640,0,7560
767,767,1130,1150,1000,2140,1520,1910,1750,1550,1540,400,430,1620,15010
768,768,290,1310,420,800,1480,280,950,0,560,450,260,430,6940
769,769,1740,1830,390,1110,1930,1480,940,2090,740,1050,860,1430,13850
770,770,1020,1160,590,1210,1550,1260,2840,1800,1670,1740,1270,1030,16120
771,771,230,1870,350,550,540,820,480,850,770,720,190,680,7820
772,772,4050,3180,1530,3130,4340,3560,2750,7170,3730,1960,2650,1990,35990
773,773,6680,3010,2480,4620,6040,5380,4110,7500,3120,4050,3510,3840,47660
774,774,270,470,340,230,340,1520,540,1400,290,530,690,180,6530
775,775,2590,1780,1740,2460,2400,1610,2580,2580,1900,1870,1940,1560,22420
776,776,1440,700,230,810,870,580,730,790,730,460,500,960,7360
777,777,1570,1330,580,1050,1620,1300,1800,1100,2760,960,840,1140,14480
778,778,470,670,150,1210,0,970,1020,1150,440,420,1030,920,7980
779,779,510,2040,590,870,1450,1060,920,1820,610,650,810,1380,12200
780,780,530,1080,140,300,1750,890,750,2100,710,720,380,700,9520
781,781,6120,3830,4690,4210,4590,5520,3550,7090,4380,4730,4580,2280,49450
782,782,770,0,670,650,750,480,1140,590,310,530,880,430,6430
783,783,1110,0,660,750,630,1090,650,1540,290,440,1650,180,7880
784,784,0,740,500,1190,350,0,720,990,500,950,180,200,6320
785,785,1940,2260,2150,2840,3100,1280,1800,2690,3360,2830,2260,1620,26190
786,786,1260,790,770,1420,1680,500,960,1350,770,850,1950,1300,12340
787,787,6900,3300,4740,5150,5410,5400,7030,5510,5230,2620,3350,6200,53940
788,788,610,400,380,500,1370,730,1010,1070,550,240,790,420,7460
789,789,5090,5730,4640,4710,5920,4050,5160,4630,4010,2700,3980,4360,49890
790,790,950,1240,810,840,850,0,550,280,0,200,170,270,5210
791,791,810,830,510,330,2400,690,1180,1050,520,1020,820,1070,10420
792,792,1590,970,950,1650,990,670,990,1680,1520,500,1510,470,11900
793,793,700,340,660,1600,2050,210,280,490,280,790,1370,490,8560
794,794,1240,2270,3520,3870,3840,1970,2780,3110,3170,3350,3640,4370,35890
795,795,6090,7420,4040,9330,9310,7970,8850,8980,6560,7240,4770,5950,80420
796,796,210,670,690,650,300,580,260,1140,660,200,650,0,5800
797,797,4130,4410,4580,4720,5740,3800,5800,7430,4100,3670,3290,5780,53320
798,798,560,690,0,930,0,0,200,1100,0,670,1090,320,5000
799,799,220,710,300,800,910,450,770,240,540,390,770,440,6320
800,800,300,370,570,490,640,440,270,460,800,680,640,470,5830
801,801,1510,2090,1490,470,1520,910,2090,1590,1910,1120,1270,1520,15980
802,802,300,1610,830,650,1140,260,610,1350,0,160,460,210,7280
803,803,7850,6180,6570,8470,6660,5650,6120,7680,7910,4390,4200,7500,71330
804,804,5560,6310,3820,6030,6850,6080,6670,4980,5780,4770,4740,3990,60020
805,805,2820,1520,3240,2390,3710,1390,4370,2310,3670,2990,1990,3090,30670
806,806,3470,3860,2790,4760,4230,4820,3370,4080,5330,5350,4500,1620,44710
807,807,290,0,0,750,850,740,0,1070,750,320,190,680,5350
808,808,0,180,390,820,780,0,0,0,510,670,410,810,4570
809,809,0,170,230,1480,1150,0,500,240,1130,0,560,900,6360
810,810,290,190,720,600,0,190,670,0,850,390,620,190,4420
811,811,750,490,650,300,320,0,500,510,530,0,190,470,3960
812,812,300,1110,230,840,570,680,630,220,1330,720,420,0,6750
813,813,0,1220,380,310,1270,590,790,0,560,770,1690,390,7970
814,814,4240,2470,3310,4000,4010,3550,4800,3570,4700,1540,3110,4210,39270
815,815,220,400,390,0,890,270,0,1490,850,230,840,590,5950
816,816,280,220,410,770,2060,810,770,1400,750,700,750,240,8880
817,817,270,650,160,610,300,0,1680,0,630,650,0,160,4840
818,818,240,1850,420,790,1450,0,0,0,480,210,440,710,6350
819,819,990,280,480,490,0,420,0,780,530,0,820,0,3800
820,820,2120,1200,1250,1210,2090,1290,1190,830,780,740,1880,260,12720
821,821,830,200,380,850,950,230,0,1100,210,0,740,650,5310
822,822,3100,3380,3690,3200,5130,2380,3200,4360,4070,3560,3890,3900,40760
823,823,0,470,380,510,860,200,270,260,250,590,740,230,4760
824,824,4700,2150,2720,2020,3300,2350,4940,2640,2900,3050,2140,2010,30220
825,825,2390,3210,1010,2290,3390,1900,1980,2660,2440,2470,2520,1330,25200
826,826,570,1200,490,830,840,390,520,560,480,240,600,0,6150
827,827,2630,2500,1900,2390,1840,1330,1010,3930,1170,1630,3150,1590,22440
828,828,230,1650,1080,860,1170,1280,420,1620,1650,1010,500,3230,14470
829,829,3720,1290,1690,2410,3200,1560,1710,2650,2170,2010,1490,1530,21710
830,830,1860,1490,1270,1200,1140,1560,1630,1440,1240,950,990,2370,15280
831,831,240,470,0,1460,930,520,990,520,210,150,220,630,6100
832,832,7400,5240,4220,6200,5150,5720,4140,6940,3380,4250,6380,3600,55220
833,833,1050,1210,680,820,250,1450,1740,1570,850,1020,230,1880,11700
834,834,3200,2170,240,1670,2050,2140,2940,1560,2160,2400,1640,2170,21140
835,835,1060,190,380,3900,1530,1270,860,300,1020,780,250,1230,11710
836,836,810,1530,690,810,2030,1020,550,490,1190,740,780,400,10230
837,837,1220,2230,860,1430,2080,1580,2310,1610,2500,2600,1360,2150,20710
838,838,2220,920,880,1470,1820,210,1070,2280,720,970,890,760,11990
839,839,3390,4350,2750,5080,5180,3350,4970,6450,3700,2340,2930,3620,44720
840,840,0,260,420,1480,350,450,810,1620,790,400,320,740,7640
841,841,550,190,610,900,1320,750,920,330,0,0,230,850,6100
842,842,4380,3960,2640,4640,5730,4880,4180,4930,3670,3350,3600,3300,44880
843,843,1340,2280,1170,1380,960,1750,1820,2320,1500,1510,840,2160,17690
844,844,1070,450,430,790,840,280,0,1170,310,440,860,570,6140
845,845,9000,8670,4650,9690,8320,7350,8450,10490,8540,7190,8280,6300,87930
846,846,4140,3380,2190,3010,3710,2090,3040,2560,2430,2990,2540,2520,30460
847,847,3150,2730,1810,2210,3860,3320,3100,4260,3890,2400,2950,2090,32620
848,848,0,260,370,620,670,200,1010,0,520,950,230,650,5480
849,849,0,2410,390,1440,2030,460,680,1060,300,1430,1580,630,12410
850,850,4220,3590,2870,5140,4070,4730,4030,3620,5200,3620,4230,3840,44940
851,851,1230,1110,450,1290,910,630,1000,1180,890,400,1300,1590,10750
852,852,950,930,0,1540,850,710,290,1020,1350,760,900,630,8980
853,853,4810,2340,3870,4390,3840,5460,3790,4620,3910,4640,4030,4870,45760
854,854,540,190,400,560,890,460,290,490,740,360,580,0,4960
855,855,480,280,0,560,930,490,980,780,0,190,810,960,5980
856,856,730,0,130,830,810,270,200,660,1170,0,460,270,4800
857,857,0,200,210,520,0,450,480,1050,0,320,560,880,4670
858,858,810,1020,510,830,570,1000,0,500,450,1160,1170,980,8190
859,859,1840,550,710,2270,1120,2110,2190,2160,1120,1430,860,620,15140
860,860,790,600,1270,1320,290,460,220,900,940,1130,1030,1120,9280
861,861,2620,4370,2100,4410,3950,3930,1580,2630,2850,2560,3390,4100,35870
862,862,3000,2300,1180,1630,2090,1660,1510,3360,2750,2590,1630,1950,22650
863,863,7130,5900,5280,6770,5440,4190,6740,5290,6870,4140,6360,5930,62910
864,864,2630,670,1170,1170,1250,2190,990,1800,1010,830,1250,1390,13720
865,865,510,510,0,290,270,740,780,300,790,340,0,420,4440
866,866,1720,2210,1740,1650,2100,1320,1730,3600,2160,1860,1240,1000,20610
867,867,5720,2610,2510,3690,6580,3600,3040,6400,5570,2720,4130,4190,45040
868,868,1980,210,380,1540,900,960,1300,860,1230,170,1050,1010,9610
869,869,5570,5600,5210,4510,3990,5450,5140,10250,4300,4410,4800,4600,58260
870,870,2190,2460,2080,2070,2510,1370,3170,2460,2260,1430,2500,2170,24480
871,871,2610,1000,1350,2270,350,690,1760,2490,1080,750,790,1780,14310
872,872,560,0,310,0,0,1010,0,330,730,530,330,630,3870
873,873,1380,470,0,600,600,1230,1030,800,980,350,430,740,7230
874,874,2030,930,1230,4690,1990,1720,1180,1010,2380,1220,1060,1810,19220
875,875,290,200,0,1060,570,190,490,1170,540,390,340,0,4950
876,876,2080,1570,1060,2270,1800,2120,1520,1800,1130,2090,910,1100,17370
877,877,4420,1660,2240,2020,3530,2040,2770,1850,3430,2200,3340,2670,27750
878,878,1000,900,680,550,300,240,220,840,510,420,660,690,6010
879,879,7480,6580,4660,8490,13630,6570,7530,6980,6500,6300,6200,8230,81670
880,880,9740,5300,4040,3100,6830,4550,5750,5280,6670,4860,3630,2830,52840
881,881,2660,1950,1510,4280,2450,3040,2810,4180,2880,3000,2270,2320,30690
882,882,5730,4640,4630,8000,4540,5000,8360,6740,7440,5590,2440,2780,60160
883,883,220,1380,1080,1030,630,1380,560,230,310,690,860,1550,9700
884,884,1650,2420,1480,1700,2800,1730,2360,2090,3750,1950,2390,700,23370
885,885,4690,3170,2530,5030,6760,4730,5770,5900,7100,3560,3730,4340,52620
886,886,3330,3870,1400,3350,5340,4430,2930,3570,3030,3490,1840,3770,37020
887,887,550,710,380,550,500,510,220,240,290,0,450,430,4280
888,888,6050,5870,6760,6220,9510,5320,5110,6680,10070,4130,6140,5520,71330
889,889,2210,3520,1380,3510,3490,2540,2150,2460,2200,1260,1920,2120,26550
890,890,560,1270,1260,920,650,730,910,1280,730,790,1050,790,10380
891,891,4660,3680,2730,3730,5910,5950,4300,5150,5950,3420,5710,2840,49370
892,892,1350,620,960,1740,1570,1920,700,1160,1510,1090,400,1230,12900
893,893,7790,4880,4590,5240,5320,4920,3820,3560,6090,3930,2890,5860,51100
894,894,0,200,700,0,0,0,780,1370,0,0,550,940,4540
895,895,8620,6510,6860,7340,8750,6690,8050,9300,6090,4740,7710,5280,77320
896,896,2140,3340,1890,5570,6430,4270,2680,4580,4270,2220,4190,3470,42910
897,897,1180,1050,0,1480,670,640,890,320,450,220,210,390,6320
898,898,2920,2980,2420,4270,3020,1980,1280,4080,2820,2590,1620,2530,29590
899,899,310,1290,940,850,1260,1120,930,510,740,690,1520,430,10280
900,900,2080,1860,1230,3670,6070,1380,1510,2420,2260,1970,3650,1560,27580
901,901,520,1310,670,590,1430,680,490,1450,1690,390,1610,1020,11330
902,902,3330,2760,1890,2230,4190,2500,2100,3640,2060,2310,2810,2580,29070
903,903,500,590,160,770,590,730,1380,1140,1410,1510,800,1060,10140
904,904,880,220,310,760,580,970,1490,1390,790,1290,350,580,8730
905,905,1090,1540,1430,610,350,680,1110,700,650,860,490,0,8420
906,906,3230,3570,2010,4030,2610,3840,3350,2060,2560,3430,1600,2730,31790
907,907,1940,680,480,2300,2110,940,2200,1940,2910,800,640,1520,16520
908,908,850,610,370,270,1140,750,510,910,450,160,190,250,5610
909,909,800,440,600,1160,1280,1000,1500,820,2040,970,1630,1420,12860
910,910,2120,2120,1530,3480,2330,1710,1230,2630,1870,1690,1300,1860,21750
911,911,510,1420,1080,850,340,400,1590,1290,1970,960,1410,670,11980
912,912,1810,3570,2510,2730,3530,3390,2760,1160,2640,2090,2430,2170,28980
913,913,860,870,0,610,1150,0,230,260,510,460,230,780,5100
914,914,240,550,0,1060,240,0,250,1490,520,790,910,250,6060
915,915,7930,6620,3250,7130,8080,6770,6810,8280,5850,6280,5870,3730,68670
916,916,850,480,290,0,860,1360,920,280,430,1290,920,340,7170
917,917,1780,2460,1950,1200,1450,2570,2140,520,4480,640,2150,2520,22080
918,918,5170,4660,4210,6340,3900,2850,3690,6220,4510,4040,3220,2980,46620
919,919,530,820,550,270,670,1280,0,250,800,210,610,0,5460
920,920,2330,2570,910,1720,2980,3150,2760,3730,2080,1400,1310,1310,23920
921,921,2370,3020,1680,5130,2500,2590,2990,1840,2340,1130,2450,1840,27510
922,922,1120,1250,1180,3130,1020,870,2190,1080,1260,1540,1350,1180,16050
923,923,900,1170,1540,2090,1500,1940,1910,2820,1800,980,640,2060,18450
924,924,550,900,170,1140,300,630,780,540,230,160,810,1360,7020
925,925,520,380,280,570,290,640,0,280,290,610,220,340,3900
926,926,2950,2100,1390,4030,4110,430,3220,2720,1470,1790,1790,3120,26170
927,927,0,430,950,330,1190,500,210,1280,580,750,580,610,7410
928,928,2110,670,710,600,1180,180,190,1680,1390,950,670,990,9210
929,929,1270,810,870,1690,1490,1640,520,1290,1280,1520,1070,1430,13610
930,930,710,2300,1470,1180,850,1620,1150,750,910,1340,720,670,12960
931,931,6150,4640,2990,4390,4560,6930,5030,4560,4210,4180,5500,3620,50610
932,932,5170,2720,2080,6910,5690,3450,4130,2920,4750,1740,3490,2610,40490
933,933,5330,3370,2130,3370,6450,3400,3700,2170,3650,3140,3110,2230,36720
934,934,1150,640,1020,570,1140,460,490,1180,1320,230,460,760,8270
935,935,2810,2460,3740,2400,3420,3430,3370,3450,2330,2330,1900,2400,31230
936,936,290,890,2010,330,1500,1040,450,1230,0,510,820,190,8970
937,937,1800,2260,1660,1770,3550,3130,2050,3560,1290,1110,2150,2190,24720
938,938,0,640,1380,270,500,980,1810,1310,1030,880,1430,1130,11360
939,939,3470,1850,1190,2540,2780,2090,2040,1690,2170,2360,1360,1840,21910
940,940,780,690,0,0,960,270,500,260,910,330,150,760,4830
941,941,1780,1070,1690,760,2470,940,1270,1650,2460,1460,1190,1610,16570
942,942,4480,2740,2630,2110,1760,3000,5180,5060,4190,3230,3140,2240,35280
